"ID","ID_1","EMAIL_HASH","C","VALUE","CASE_STATUS"
3189088,4187180,"+JAu0yZko6rkW8EJX1IUkg==",2,"Open","Updated"
3189088,4187184,"+JAu0yZko6rkW8EJX1IUkg==",2,"Open","Updated"
3148172,4188739,"+ViUjBZzhZrFJ/DgngA1CA==",4,"Open","Updated"
3148172,4188750,"+ViUjBZzhZrFJ/DgngA1CA==",4,"Open","Updated"
3148172,4188758,"+ViUjBZzhZrFJ/DgngA1CA==",4,"Open","Updated"
3148172,4188767,"+ViUjBZzhZrFJ/DgngA1CA==",4,"Open","Updated"
3195185,4189463,"+jo/wlT6lWRdNvQI2qeqBg==",2,"Closed","Updated"
3195185,4189478,"+jo/wlT6lWRdNvQI2qeqBg==",2,"Closed","Updated"
3159601,4189911,"+m6jsf9U7y7BZgLgiyUYrA==",2,"Open","Updated"
3159601,4189912,"+m6jsf9U7y7BZgLgiyUYrA==",2,"Open","Updated"
2646753,4184424,"/7q1VqXjEM+YzgOPW5GezA==",10,"Closed","Updated"
2646753,4184475,"/7q1VqXjEM+YzgOPW5GezA==",10,"Closed","Updated"
2646753,4185865,"/7q1VqXjEM+YzgOPW5GezA==",10,"Closed","Updated"
2646753,4186063,"/7q1VqXjEM+YzgOPW5GezA==",10,"Closed","Updated"
2646753,4186072,"/7q1VqXjEM+YzgOPW5GezA==",10,"Closed","Updated"
2646753,4186078,"/7q1VqXjEM+YzgOPW5GezA==",10,"Closed","Updated"
2646753,4186087,"/7q1VqXjEM+YzgOPW5GezA==",10,"Closed","Updated"
2646753,4186097,"/7q1VqXjEM+YzgOPW5GezA==",10,"Closed","Updated"
2646753,4186136,"/7q1VqXjEM+YzgOPW5GezA==",10,"Closed","Updated"
2646753,4186606,"/7q1VqXjEM+YzgOPW5GezA==",10,"Closed","Updated"
3175050,4184410,"/8KK1H9eqnzT+cheKD/c6w==",2,"Open","Updated"
3175050,4184482,"/8KK1H9eqnzT+cheKD/c6w==",2,"Open","Updated"
3177458,4184216,"/9iLY8mWN5CMZ321PK7wzA==",3,"Open","Updated"
3177458,4184223,"/9iLY8mWN5CMZ321PK7wzA==",3,"Open","Updated"
3177458,4184228,"/9iLY8mWN5CMZ321PK7wzA==",3,"Open","Updated"
3194824,4189839,"/TqaXZjG2ge1ugqHdWwHoA==",6,"Closed","Updated"
3194824,4189848,"/TqaXZjG2ge1ugqHdWwHoA==",6,"Closed","Updated"
3194824,4189874,"/TqaXZjG2ge1ugqHdWwHoA==",6,"Closed","Updated"
3194824,4189895,"/TqaXZjG2ge1ugqHdWwHoA==",6,"Closed","Updated"
3194824,4189902,"/TqaXZjG2ge1ugqHdWwHoA==",6,"Closed","Updated"
3194824,4189910,"/TqaXZjG2ge1ugqHdWwHoA==",6,"Closed","Updated"
3156186,4184249,"/Zd5dlFfwiEDeiZHfLAhzQ==",2,"Closed","Updated"
3156186,4184328,"/Zd5dlFfwiEDeiZHfLAhzQ==",2,"Closed","Updated"
3166488,4189837,"/q16CyujOeqlNmxkWylXRg==",2,"Open","Updated"
3166488,4189853,"/q16CyujOeqlNmxkWylXRg==",2,"Open","Updated"
3177119,4186125,"/uBayBWw6DirM8K0tnSfdA==",2,"Closed","Updated"
3177119,4186618,"/uBayBWw6DirM8K0tnSfdA==",2,"Closed","Updated"
3181424,4183718,"038THOXcdbsZz5f+67DN5Q==",2,"Closed","Updated"
3181424,4183719,"038THOXcdbsZz5f+67DN5Q==",2,"Closed","Updated"
3161137,4190831,"0Rj09rcb7krZ5ELRXupe7w==",3,"Closed","Updated"
3161137,4190882,"0Rj09rcb7krZ5ELRXupe7w==",3,"Closed","Updated"
3161137,4190954,"0Rj09rcb7krZ5ELRXupe7w==",3,"Closed","Updated"
3168366,4189004,"0xug4r+Vnh4WIYPV5P58Pw==",2,"Open","Updated"
3168366,4189039,"0xug4r+Vnh4WIYPV5P58Pw==",2,"Open","Updated"
3184040,4187152,"1/ALCmi/BSGUSl5qhGfRcQ==",3,"Closed","Updated"
3184040,4187159,"1/ALCmi/BSGUSl5qhGfRcQ==",3,"Closed","Updated"
3184040,4187170,"1/ALCmi/BSGUSl5qhGfRcQ==",3,"Closed","Updated"
3202163,4190247,"12JgUYtWZnG21TbOL/ivxA==",2,"Closed","Updated"
3202163,4190350,"12JgUYtWZnG21TbOL/ivxA==",2,"Closed","Updated"
3161544,4184134,"1FvBvSSDRiiGwE35HwQ8Rg==",2,"Closed","Updated"
3161544,4184155,"1FvBvSSDRiiGwE35HwQ8Rg==",2,"Closed","Updated"
3192613,4184326,"1Jaao5t4+D81wB7lKWehNw==",2,"Closed","Updated"
3192613,4184342,"1Jaao5t4+D81wB7lKWehNw==",2,"Closed","Updated"
3180227,4190642,"1WZnDXGZY9E3croD7I5H4A==",2,"Closed","Updated"
3180227,4190667,"1WZnDXGZY9E3croD7I5H4A==",2,"Closed","Updated"
3188192,4184265,"1ek8FFuJbFgIfq5kLtXEzw==",3,"Closed","Updated"
3188192,4184276,"1ek8FFuJbFgIfq5kLtXEzw==",3,"Closed","Updated"
3188192,4184290,"1ek8FFuJbFgIfq5kLtXEzw==",3,"Closed","Updated"
3196150,4187236,"2FC4Fta2QD/HHAf41aJxjQ==",2,"Closed","Updated"
3196150,4187240,"2FC4Fta2QD/HHAf41aJxjQ==",2,"Closed","Updated"
3194794,4187093,"2K4nndhRYIfw48K2t0f++Q==",7,"Closed","Updated"
3194794,4187302,"2K4nndhRYIfw48K2t0f++Q==",7,"Closed","Updated"
3194794,4187393,"2K4nndhRYIfw48K2t0f++Q==",7,"Closed","Updated"
3194794,4187610,"2K4nndhRYIfw48K2t0f++Q==",7,"Closed","Updated"
3194794,4187771,"2K4nndhRYIfw48K2t0f++Q==",7,"Closed","Updated"
3194794,4187788,"2K4nndhRYIfw48K2t0f++Q==",7,"Closed","Updated"
3194794,4187898,"2K4nndhRYIfw48K2t0f++Q==",7,"Closed","Updated"
3158138,4185535,"2Lbwt43qLH5xLXISKMIYNQ==",3,"Closed","Updated"
3158138,4185589,"2Lbwt43qLH5xLXISKMIYNQ==",3,"Closed","Updated"
3158138,4185593,"2Lbwt43qLH5xLXISKMIYNQ==",3,"Closed","Updated"
3159094,4187294,"2Lbxy124loqCDwoaAu/XSQ==",4,"Open","Updated"
3159094,4187445,"2Lbxy124loqCDwoaAu/XSQ==",4,"Open","Updated"
3159094,4187636,"2Lbxy124loqCDwoaAu/XSQ==",4,"Open","Updated"
3159094,4187749,"2Lbxy124loqCDwoaAu/XSQ==",4,"Open","Updated"
3195038,4190509,"2QkRwFmTMHayvQIaMts+Aw==",2,"Closed","Updated"
3195038,4190578,"2QkRwFmTMHayvQIaMts+Aw==",2,"Closed","Updated"
3180108,4184343,"2YgR8ve6JE14lzzVXGT3yg==",3,"Closed","Updated"
3180108,4184370,"2YgR8ve6JE14lzzVXGT3yg==",3,"Closed","Updated"
3180108,4184406,"2YgR8ve6JE14lzzVXGT3yg==",3,"Closed","Updated"
3186366,4184858,"2bOB0RdeFpcNA21ILTS+UQ==",4,"Closed","Updated"
3186366,4184916,"2bOB0RdeFpcNA21ILTS+UQ==",4,"Closed","Updated"
3186366,4184937,"2bOB0RdeFpcNA21ILTS+UQ==",4,"Closed","Updated"
3186366,4184949,"2bOB0RdeFpcNA21ILTS+UQ==",4,"Closed","Updated"
3161091,4188044,"2kxlwn1w0yyj1o6rX3ivJA==",2,"Open","Updated"
3161091,4188071,"2kxlwn1w0yyj1o6rX3ivJA==",2,"Open","Updated"
3053393,4190019,"2npWKpF2qPV0RjKIJw2McA==",2,"Closed","Updated"
3053393,4190026,"2npWKpF2qPV0RjKIJw2McA==",2,"Closed","Updated"
3180210,4183674,"2q2XYoByCOuSjyTV5PJxjg==",3,"Closed","Updated"
3180210,4183675,"2q2XYoByCOuSjyTV5PJxjg==",3,"Closed","Updated"
3180210,4183678,"2q2XYoByCOuSjyTV5PJxjg==",3,"Closed","Updated"
3175520,4189436,"2uX9wSUkDivlStLgBM9vPg==",3,"Open","Updated"
3175520,4189654,"2uX9wSUkDivlStLgBM9vPg==",3,"Open","Updated"
3175520,4189806,"2uX9wSUkDivlStLgBM9vPg==",3,"Open","Updated"
3201112,4192791,"2w1IOuPk9yRQSC89CNBXzQ==",3,"Closed","Updated"
3201112,4192795,"2w1IOuPk9yRQSC89CNBXzQ==",3,"Closed","Updated"
3201112,4192796,"2w1IOuPk9yRQSC89CNBXzQ==",3,"Closed","Updated"
3196150,4189234,"2zWGXIuHbttjKDLqKG+O1g==",2,"Closed","Updated"
3196150,4190231,"2zWGXIuHbttjKDLqKG+O1g==",2,"Closed","Updated"
3170936,4187608,"3BXLFcYblUGtBsxoJUK9/g==",6,"Closed","Updated"
3170936,4187634,"3BXLFcYblUGtBsxoJUK9/g==",6,"Closed","Updated"
3170936,4187663,"3BXLFcYblUGtBsxoJUK9/g==",6,"Closed","Updated"
3170936,4187686,"3BXLFcYblUGtBsxoJUK9/g==",6,"Closed","Updated"
3170936,4187713,"3BXLFcYblUGtBsxoJUK9/g==",6,"Closed","Updated"
3170936,4187746,"3BXLFcYblUGtBsxoJUK9/g==",6,"Closed","Updated"
3152858,4190902,"3CZKSLRBeoirVunfuMoKRA==",2,"Open","Updated"
3152858,4190938,"3CZKSLRBeoirVunfuMoKRA==",2,"Open","Updated"
3186877,4191493,"3EO4+6OcJKCI2DfIn8xiYg==",2,"Open","Updated"
3186877,4191723,"3EO4+6OcJKCI2DfIn8xiYg==",2,"Open","Updated"
3170007,4189612,"4BKW29qQtMImcuopRUYDuw==",5,"Closed","Updated"
3170007,4189642,"4BKW29qQtMImcuopRUYDuw==",5,"Closed","Updated"
3170007,4189726,"4BKW29qQtMImcuopRUYDuw==",5,"Closed","Updated"
3170007,4189744,"4BKW29qQtMImcuopRUYDuw==",5,"Closed","Updated"
3170007,4189810,"4BKW29qQtMImcuopRUYDuw==",5,"Closed","Updated"
3196150,4186953,"4F7Ll4+xKtNu/2LsE9V67Q==",2,"Closed","Updated"
3196150,4186970,"4F7Ll4+xKtNu/2LsE9V67Q==",2,"Closed","Updated"
3194286,4190620,"4dSQ2aCoG6KRLdeoOg83qg==",2,"Open","Updated"
3194286,4191210,"4dSQ2aCoG6KRLdeoOg83qg==",2,"Open","Updated"
3188304,4190631,"4nm5xHMnQy7IHXLonQ6cUQ==",6,"Open","Updated"
3188304,4190652,"4nm5xHMnQy7IHXLonQ6cUQ==",6,"Open","Updated"
3188304,4190735,"4nm5xHMnQy7IHXLonQ6cUQ==",6,"Open","Updated"
3188304,4190773,"4nm5xHMnQy7IHXLonQ6cUQ==",6,"Open","Updated"
3188304,4190783,"4nm5xHMnQy7IHXLonQ6cUQ==",6,"Open","Updated"
3188304,4190929,"4nm5xHMnQy7IHXLonQ6cUQ==",6,"Open","Updated"
3199075,4190417,"4zZHRhjjIUJ+4IwvTMsBiw==",2,"Closed","Updated"
3199075,4190430,"4zZHRhjjIUJ+4IwvTMsBiw==",2,"Closed","Updated"
3166820,4189430,"5+UT5/0y1XT+cGD/tGIJTA==",2,"Open","Updated"
3166820,4189572,"5+UT5/0y1XT+cGD/tGIJTA==",2,"Open","Updated"
3187881,4189087,"5Y13kHSSd9TL09oMVB19iA==",3,"Closed","Updated"
3187881,4189096,"5Y13kHSSd9TL09oMVB19iA==",3,"Closed","Updated"
3187881,4189112,"5Y13kHSSd9TL09oMVB19iA==",3,"Closed","Updated"
3188606,4187765,"5noEtwN8TwqukbcVgI2QlQ==",3,"Open","Updated"
3188606,4187811,"5noEtwN8TwqukbcVgI2QlQ==",3,"Open","Updated"
3188606,4187882,"5noEtwN8TwqukbcVgI2QlQ==",3,"Open","Updated"
3188998,4184500,"5tUQV3HNnHahPaIQByykEg==",2,"Closed","Updated"
3188998,4184506,"5tUQV3HNnHahPaIQByykEg==",2,"Closed","Updated"
3189350,4187181,"63yce18gQyOALadQEzvLSA==",3,"Closed","Updated"
3189350,4187424,"63yce18gQyOALadQEzvLSA==",3,"Closed","Updated"
3189350,4187689,"63yce18gQyOALadQEzvLSA==",3,"Closed","Updated"
3202238,4191610,"669as0Pff6/vmHH0PJA0Ag==",2,"Open","Updated"
3202238,4191727,"669as0Pff6/vmHH0PJA0Ag==",2,"Open","Updated"
3184270,4186877,"67whWkm4ttw55AUJXfocyA==",3,"Closed","Updated"
3184270,4187123,"67whWkm4ttw55AUJXfocyA==",3,"Closed","Updated"
3184270,4187143,"67whWkm4ttw55AUJXfocyA==",3,"Closed","Updated"
3194937,4186410,"6J25ijt48WJJKempmzN+Zg==",2,"Closed","Updated"
3194937,4186577,"6J25ijt48WJJKempmzN+Zg==",2,"Closed","Updated"
3037769,4185945,"7/8vEPDbq/AbsPa6clOC0Q==",2,"Closed","Updated"
3037769,4186007,"7/8vEPDbq/AbsPa6clOC0Q==",2,"Closed","Updated"
3150232,4184306,"74j5WmQPM0HINus49uOcxA==",4,"Closed","Updated"
3150232,4184314,"74j5WmQPM0HINus49uOcxA==",4,"Closed","Updated"
3150232,4184340,"74j5WmQPM0HINus49uOcxA==",4,"Closed","Updated"
3150232,4184349,"74j5WmQPM0HINus49uOcxA==",4,"Closed","Updated"
3194737,4188651,"7Iqs2G21NRddYbfdvwOpgA==",4,"Open","Updated"
3194737,4188658,"7Iqs2G21NRddYbfdvwOpgA==",4,"Open","Updated"
3194737,4188713,"7Iqs2G21NRddYbfdvwOpgA==",4,"Open","Updated"
3194737,4188726,"7Iqs2G21NRddYbfdvwOpgA==",4,"Open","Updated"
3195542,4187203,"7J9mDXKA17zxMa3EsFqbaw==",2,"Closed","Updated"
3195542,4187209,"7J9mDXKA17zxMa3EsFqbaw==",2,"Closed","Updated"
3194701,4186411,"7UjVxGwchBwoxk2J4pHMUA==",2,"Closed","Updated"
3194701,4186785,"7UjVxGwchBwoxk2J4pHMUA==",2,"Closed","Updated"
3180147,4189098,"82/3CuJVYL239Uhcwn7Rvw==",2,"Closed","Updated"
3180147,4189116,"82/3CuJVYL239Uhcwn7Rvw==",2,"Closed","Updated"
3185448,4186400,"8C2WcX2Do2lMkdBkj/UFag==",2,"Closed","Updated"
3185448,4187135,"8C2WcX2Do2lMkdBkj/UFag==",2,"Closed","Updated"
3139116,4184537,"8EK4ZQasCKu8g+q0BW1mEA==",4,"Closed","Updated"
3139116,4184548,"8EK4ZQasCKu8g+q0BW1mEA==",4,"Closed","Updated"
3139116,4184561,"8EK4ZQasCKu8g+q0BW1mEA==",4,"Closed","Updated"
3139116,4184721,"8EK4ZQasCKu8g+q0BW1mEA==",4,"Closed","Updated"
3180255,4184143,"8K0Hmzu6jCW/SamKFNu3zg==",4,"Open","Updated"
3180255,4184157,"8K0Hmzu6jCW/SamKFNu3zg==",4,"Open","Updated"
3180255,4184162,"8K0Hmzu6jCW/SamKFNu3zg==",4,"Open","Updated"
3180255,4184172,"8K0Hmzu6jCW/SamKFNu3zg==",4,"Open","Updated"
3188562,4187197,"8SlF/EWXF1iI65QVO0cw8Q==",5,"Closed","Updated"
3188562,4187206,"8SlF/EWXF1iI65QVO0cw8Q==",5,"Closed","Updated"
3188562,4187253,"8SlF/EWXF1iI65QVO0cw8Q==",5,"Closed","Updated"
3188562,4187267,"8SlF/EWXF1iI65QVO0cw8Q==",5,"Closed","Updated"
3188562,4187333,"8SlF/EWXF1iI65QVO0cw8Q==",5,"Closed","Updated"
3158386,4186956,"919ICWgXn6GKtPON6lazCw==",2,"Open","Updated"
3158386,4186977,"919ICWgXn6GKtPON6lazCw==",2,"Open","Updated"
3167120,4188746,"91NqYlDdVjCJ1zCQwKnFCg==",2,"Closed","Updated"
3167120,4188751,"91NqYlDdVjCJ1zCQwKnFCg==",2,"Closed","Updated"
3185708,4189539,"9AmyWLAS8A5W6Ta+gDXOhw==",2,"Closed","Updated"
3185708,4189580,"9AmyWLAS8A5W6Ta+gDXOhw==",2,"Closed","Updated"
3187435,4188805,"9GgIsefbDtcmCIji9BYFhg==",2,"Closed","Updated"
3187435,4188820,"9GgIsefbDtcmCIji9BYFhg==",2,"Closed","Updated"
3180469,4186064,"9URbnZuhv8cwcaXr8AEYkA==",2,"Closed","Updated"
3180469,4186432,"9URbnZuhv8cwcaXr8AEYkA==",2,"Closed","Updated"
3196894,4190139,"9ejn0s/NDXwV+mWV9pxj7w==",2,"Closed","Updated"
3196894,4190161,"9ejn0s/NDXwV+mWV9pxj7w==",2,"Closed","Updated"
3171335,4185519,"9iwvaKE6hTUIbxcefW+/oQ==",9,"Closed","Updated"
3171335,4186406,"9iwvaKE6hTUIbxcefW+/oQ==",9,"Closed","Updated"
3171335,4187320,"9iwvaKE6hTUIbxcefW+/oQ==",9,"Closed","Updated"
3171335,4187411,"9iwvaKE6hTUIbxcefW+/oQ==",9,"Closed","Updated"
3171335,4187462,"9iwvaKE6hTUIbxcefW+/oQ==",9,"Closed","Updated"
3171335,4187515,"9iwvaKE6hTUIbxcefW+/oQ==",9,"Closed","Updated"
3171335,4187525,"9iwvaKE6hTUIbxcefW+/oQ==",9,"Closed","Updated"
3171335,4187764,"9iwvaKE6hTUIbxcefW+/oQ==",9,"Closed","Updated"
3171335,4187838,"9iwvaKE6hTUIbxcefW+/oQ==",9,"Closed","Updated"
3049084,4188851,"9uNduVTjIdO+hA17nuTULA==",8,"Closed","Updated"
3049084,4188852,"9uNduVTjIdO+hA17nuTULA==",8,"Closed","Updated"
3049084,4188853,"9uNduVTjIdO+hA17nuTULA==",8,"Closed","Updated"
3049084,4188855,"9uNduVTjIdO+hA17nuTULA==",8,"Closed","Updated"
3049084,4188857,"9uNduVTjIdO+hA17nuTULA==",8,"Closed","Updated"
3049084,4188860,"9uNduVTjIdO+hA17nuTULA==",8,"Closed","Updated"
3049084,4188861,"9uNduVTjIdO+hA17nuTULA==",8,"Closed","Updated"
3049084,4188864,"9uNduVTjIdO+hA17nuTULA==",8,"Closed","Updated"
3181705,4184386,"A3q0sA1XbsiQygH7cul0bA==",2,"Closed","Updated"
3181705,4184405,"A3q0sA1XbsiQygH7cul0bA==",2,"Closed","Updated"
3196150,4187216,"AOs3in3SwkLxiCHNkdcXKw==",2,"Closed","Updated"
3196150,4187229,"AOs3in3SwkLxiCHNkdcXKw==",2,"Closed","Updated"
3167638,4186405,"AlCzNxsZtM+Gag/nvBoUuA==",2,"Open","Updated"
3167638,4186515,"AlCzNxsZtM+Gag/nvBoUuA==",2,"Open","Updated"
3159601,4191529,"AxECWC+zj49F1ZR42aGJKA==",2,"Open","Updated"
3159601,4191548,"AxECWC+zj49F1ZR42aGJKA==",2,"Open","Updated"
2837495,4184230,"AxaOx5Bl6a5eHx0OO0a4SQ==",2,"Closed","Updated"
2837495,4184327,"AxaOx5Bl6a5eHx0OO0a4SQ==",2,"Closed","Updated"
3192728,4188252,"AyDJTiGKm8jYxmFAqV3++A==",12,"Closed","Updated"
3192728,4188283,"AyDJTiGKm8jYxmFAqV3++A==",12,"Closed","Updated"
3192728,4188305,"AyDJTiGKm8jYxmFAqV3++A==",12,"Closed","Updated"
3192728,4188330,"AyDJTiGKm8jYxmFAqV3++A==",12,"Closed","Updated"
3192728,4188354,"AyDJTiGKm8jYxmFAqV3++A==",12,"Closed","Updated"
3192728,4188363,"AyDJTiGKm8jYxmFAqV3++A==",12,"Closed","Updated"
3192728,4188388,"AyDJTiGKm8jYxmFAqV3++A==",12,"Closed","Updated"
3192728,4188414,"AyDJTiGKm8jYxmFAqV3++A==",12,"Closed","Updated"
3192728,4188424,"AyDJTiGKm8jYxmFAqV3++A==",12,"Closed","Updated"
3192728,4188503,"AyDJTiGKm8jYxmFAqV3++A==",12,"Closed","Updated"
3192728,4188511,"AyDJTiGKm8jYxmFAqV3++A==",12,"Closed","Updated"
3192728,4188519,"AyDJTiGKm8jYxmFAqV3++A==",12,"Closed","Updated"
3105653,4186959,"AyF8kFC+R8paIXvS3GXjJg==",2,"Open","Updated"
3105653,4186982,"AyF8kFC+R8paIXvS3GXjJg==",2,"Open","Updated"
3175538,4184224,"B6dVkPBLJ9OW2wlL1JVWUQ==",2,"Closed","Updated"
3175538,4184227,"B6dVkPBLJ9OW2wlL1JVWUQ==",2,"Closed","Updated"
3045950,4189922,"BGBSNuMUweKlKIKWZSCGVQ==",5,"Closed","Updated"
3045950,4189931,"BGBSNuMUweKlKIKWZSCGVQ==",5,"Closed","Updated"
3045950,4189965,"BGBSNuMUweKlKIKWZSCGVQ==",5,"Closed","Updated"
3045950,4190003,"BGBSNuMUweKlKIKWZSCGVQ==",5,"Closed","Updated"
3045950,4190037,"BGBSNuMUweKlKIKWZSCGVQ==",5,"Closed","Updated"
3176072,4188966,"BGfB2GLOf+VIY4nI9R2+YA==",2,"Open","Updated"
3176072,4189035,"BGfB2GLOf+VIY4nI9R2+YA==",2,"Open","Updated"
3188790,4189073,"BT4mPqfaGV+Fwk7YUtD4sg==",3,"Closed","Updated"
3188790,4189074,"BT4mPqfaGV+Fwk7YUtD4sg==",3,"Closed","Updated"
3188790,4189075,"BT4mPqfaGV+Fwk7YUtD4sg==",3,"Closed","Updated"
3132343,4190246,"BcYC/95Iyye93qVopYNtRQ==",3,"Open","Updated"
3132343,4190263,"BcYC/95Iyye93qVopYNtRQ==",3,"Open","Updated"
3132343,4190318,"BcYC/95Iyye93qVopYNtRQ==",3,"Open","Updated"
3202163,4190445,"C3+5hOn5uiSiiUYUxRidhw==",3,"Closed","Updated"
3202163,4190472,"C3+5hOn5uiSiiUYUxRidhw==",3,"Closed","Updated"
3202163,4190479,"C3+5hOn5uiSiiUYUxRidhw==",3,"Closed","Updated"
3196503,4187059,"C4jSF7znaF4X1zRq7h3grQ==",3,"Closed","Updated"
3196503,4187191,"C4jSF7znaF4X1zRq7h3grQ==",3,"Closed","Updated"
3196503,4187227,"C4jSF7znaF4X1zRq7h3grQ==",3,"Closed","Updated"
3191183,4184988,"CHCqTXj9Nh43hQF2JZUzjQ==",3,"Closed","Updated"
3191183,4185002,"CHCqTXj9Nh43hQF2JZUzjQ==",3,"Closed","Updated"
3191183,4185013,"CHCqTXj9Nh43hQF2JZUzjQ==",3,"Closed","Updated"
3170706,4189554,"CJXk+eNeJ+dwbu+Ut6jB+w==",4,"Open","Updated"
3170706,4189588,"CJXk+eNeJ+dwbu+Ut6jB+w==",4,"Open","Updated"
3170706,4189631,"CJXk+eNeJ+dwbu+Ut6jB+w==",4,"Open","Updated"
3170706,4189801,"CJXk+eNeJ+dwbu+Ut6jB+w==",4,"Open","Updated"
3196150,4189519,"CQlNgZ+ShZ4s2zAGvR7edQ==",2,"Closed","Updated"
3196150,4190235,"CQlNgZ+ShZ4s2zAGvR7edQ==",2,"Closed","Updated"
3159075,4188008,"CSE6C79jxRXITtzgZcapLw==",3,"Closed","Updated"
3159075,4188020,"CSE6C79jxRXITtzgZcapLw==",3,"Closed","Updated"
3159075,4188041,"CSE6C79jxRXITtzgZcapLw==",3,"Closed","Updated"
3186721,4183970,"CswPZyo5UfSSSiAtV2qe2A==",4,"Closed","Updated"
3186721,4183978,"CswPZyo5UfSSSiAtV2qe2A==",4,"Closed","Updated"
3186721,4183989,"CswPZyo5UfSSSiAtV2qe2A==",4,"Closed","Updated"
3186721,4183999,"CswPZyo5UfSSSiAtV2qe2A==",4,"Closed","Updated"
3197785,4188510,"D2CL4Td4I+9NSHTCx1/C3A==",2,"In progress","Updated"
3197785,4188513,"D2CL4Td4I+9NSHTCx1/C3A==",2,"In progress","Updated"
3159837,4186958,"DO3iPhBibrpcSdtgD9hnTg==",2,"Open","Updated"
3159837,4186981,"DO3iPhBibrpcSdtgD9hnTg==",2,"Open","Updated"
3177846,4187160,"DeqEY635BugKltV2SenoAg==",6,"Closed","Updated"
3177846,4187171,"DeqEY635BugKltV2SenoAg==",6,"Closed","Updated"
3177846,4187187,"DeqEY635BugKltV2SenoAg==",6,"Closed","Updated"
3177846,4187196,"DeqEY635BugKltV2SenoAg==",6,"Closed","Updated"
3177846,4187204,"DeqEY635BugKltV2SenoAg==",6,"Closed","Updated"
3177846,4187210,"DeqEY635BugKltV2SenoAg==",6,"Closed","Updated"
3118841,4188075,"DmMiRq8Padinx3V3Y3y3Lg==",2,"Open","Updated"
3118841,4188079,"DmMiRq8Padinx3V3Y3y3Lg==",2,"Open","Updated"
3162236,4188786,"DyMoGZGBfUgRNhz3Zdi2YQ==",2,"Open","Updated"
3162236,4188789,"DyMoGZGBfUgRNhz3Zdi2YQ==",2,"Open","Updated"
3083484,4188881,"E1YUA+sxZ6nVvWHTYrqmQg==",4,"Closed","Updated"
3083484,4188883,"E1YUA+sxZ6nVvWHTYrqmQg==",4,"Closed","Updated"
3083484,4188886,"E1YUA+sxZ6nVvWHTYrqmQg==",4,"Closed","Updated"
3083484,4188887,"E1YUA+sxZ6nVvWHTYrqmQg==",4,"Closed","Updated"
3189051,4187125,"Eg+emYLgZpxxOAtNZfAi7w==",2,"Closed","Updated"
3189051,4187154,"Eg+emYLgZpxxOAtNZfAi7w==",2,"Closed","Updated"
3183498,4186975,"EkIx17kFKiPVZfboMVr+hQ==",2,"Open","Updated"
3183498,4187013,"EkIx17kFKiPVZfboMVr+hQ==",2,"Open","Updated"
3159764,4188181,"EmO+bmMJ1BraZQTnM2DCYw==",3,"Closed","Updated"
3159764,4188202,"EmO+bmMJ1BraZQTnM2DCYw==",3,"Closed","Updated"
3159764,4188228,"EmO+bmMJ1BraZQTnM2DCYw==",3,"Closed","Updated"
3122113,4190725,"F+Ri9BVzGfKYAgBM9PoStA==",4,"Open","Updated"
3122113,4190727,"F+Ri9BVzGfKYAgBM9PoStA==",4,"Open","Updated"
3122113,4190737,"F+Ri9BVzGfKYAgBM9PoStA==",4,"Open","Updated"
3122113,4190749,"F+Ri9BVzGfKYAgBM9PoStA==",4,"Open","Updated"
3148035,4186412,"F3e5erGmh8/34v/zLmmrsQ==",2,"Open","Updated"
3148035,4187221,"F3e5erGmh8/34v/zLmmrsQ==",2,"Open","Updated"
3191489,4188589,"FGq8Q3cWeZhl5gcBrDNF8g==",2,"Closed","Updated"
3191489,4188592,"FGq8Q3cWeZhl5gcBrDNF8g==",2,"Closed","Updated"
3193834,4188801,"FH5sgialiWSfJcpeCZC3Aw==",4,"Closed","Updated"
3193834,4188802,"FH5sgialiWSfJcpeCZC3Aw==",4,"Closed","Updated"
3193834,4188806,"FH5sgialiWSfJcpeCZC3Aw==",4,"Closed","Updated"
3193834,4188813,"FH5sgialiWSfJcpeCZC3Aw==",4,"Closed","Updated"
3123351,4189121,"Fe7itoYxcWZjsA9weW7kBw==",2,"Open","Updated"
3123351,4189123,"Fe7itoYxcWZjsA9weW7kBw==",2,"Open","Updated"
3188989,4186879,"FtbVR9p+cG9D7H9Ffvde3w==",2,"Open","Updated"
3188989,4186928,"FtbVR9p+cG9D7H9Ffvde3w==",2,"Open","Updated"
2910057,4190633,"GD3cnbZ7BAk+6DCz4yyTAg==",2,"Closed","Updated"
2910057,4190658,"GD3cnbZ7BAk+6DCz4yyTAg==",2,"Closed","Updated"
3082335,4188964,"GDrs84nxg3tOaiPgR9sbhw==",2,"In progress","Updated"
3082335,4188967,"GDrs84nxg3tOaiPgR9sbhw==",2,"In progress","Updated"
3190146,4184266,"GJTgiiFc0CK6/d1HBRmUvw==",2,"Closed","Updated"
3190146,4184274,"GJTgiiFc0CK6/d1HBRmUvw==",2,"Closed","Updated"
3195478,4189338,"GYRMsdIUsIVNZM6RVHgy2g==",2,"Closed","Updated"
3195478,4189356,"GYRMsdIUsIVNZM6RVHgy2g==",2,"Closed","Updated"
3171634,4189003,"Gder+ukrCWK+hrJYlbAE1A==",2,"Closed","Updated"
3171634,4189038,"Gder+ukrCWK+hrJYlbAE1A==",2,"Closed","Updated"
3157525,4189000,"GdrSqLbgWeIM18UD7AXd1w==",2,"Closed","Updated"
3157525,4189043,"GdrSqLbgWeIM18UD7AXd1w==",2,"Closed","Updated"
3185483,4190357,"GoC7P+cFz2kegFoLaUVsmA==",2,"Closed","Updated"
3185483,4190425,"GoC7P+cFz2kegFoLaUVsmA==",2,"Closed","Updated"
3174576,4183777,"Gt6jjAHtccJrBreIIOY5hw==",2,"Closed","Updated"
3174576,4183783,"Gt6jjAHtccJrBreIIOY5hw==",2,"Closed","Updated"
3195042,4187505,"Gxipx9fCs8igdYx2jN2zGA==",3,"Open","Updated"
3195042,4187639,"Gxipx9fCs8igdYx2jN2zGA==",3,"Open","Updated"
3195042,4187734,"Gxipx9fCs8igdYx2jN2zGA==",3,"Open","Updated"
3189045,4189761,"GzOKd7FEtVX7B8ar5Du70Q==",2,"Closed","Updated"
3189045,4189798,"GzOKd7FEtVX7B8ar5Du70Q==",2,"Closed","Updated"
3193937,4190398,"H1zDoGovRDzbrVBkh2u7kA==",2,"Closed","Updated"
3193937,4191219,"H1zDoGovRDzbrVBkh2u7kA==",2,"Closed","Updated"
3196150,4189312,"HOUt5PhrehTWyIV9+fQmqw==",2,"Closed","Updated"
3196150,4189401,"HOUt5PhrehTWyIV9+fQmqw==",2,"Closed","Updated"
3083484,4188884,"HRpIFFI3dQERHqETIpyZgQ==",6,"Closed","Updated"
3083484,4188890,"HRpIFFI3dQERHqETIpyZgQ==",6,"Closed","Updated"
3083484,4189061,"HRpIFFI3dQERHqETIpyZgQ==",6,"Closed","Updated"
3083484,4189064,"HRpIFFI3dQERHqETIpyZgQ==",6,"Closed","Updated"
3083484,4189067,"HRpIFFI3dQERHqETIpyZgQ==",6,"Closed","Updated"
3083484,4189072,"HRpIFFI3dQERHqETIpyZgQ==",6,"Closed","Updated"
3194735,4186534,"HlU7ttXqMi+fGcIYMYC6DA==",2,"Closed","Updated"
3194735,4186777,"HlU7ttXqMi+fGcIYMYC6DA==",2,"Closed","Updated"
3196473,4189600,"HsWKByb9qM6aMY/wPjzmgA==",2,"Closed","Updated"
3196473,4189615,"HsWKByb9qM6aMY/wPjzmgA==",2,"Closed","Updated"
3187367,4184446,"I/OydzOXoo2XVSSsYnkqcA==",3,"Closed","Updated"
3187367,4184474,"I/OydzOXoo2XVSSsYnkqcA==",3,"Closed","Updated"
3187367,4184483,"I/OydzOXoo2XVSSsYnkqcA==",3,"Closed","Updated"
3185959,4186926,"ICRFXC5wN6OCr2Rc4r4z8w==",2,"Closed","Updated"
3185959,4186968,"ICRFXC5wN6OCr2Rc4r4z8w==",2,"Closed","Updated"
2726954,4188734,"IIqmauslNg+TZ1I2PQ6R8A==",2,"Closed","Updated"
2726954,4188736,"IIqmauslNg+TZ1I2PQ6R8A==",2,"Closed","Updated"
3153186,4184279,"IN37LIN3dsj4O+DfyyOG0A==",4,"Open","Updated"
3153186,4184298,"IN37LIN3dsj4O+DfyyOG0A==",4,"Open","Updated"
3153186,4184325,"IN37LIN3dsj4O+DfyyOG0A==",4,"Open","Updated"
3153186,4184355,"IN37LIN3dsj4O+DfyyOG0A==",4,"Open","Updated"
3180835,4184123,"IPLWUzShhqVxoVmpyIuA2g==",2,"Closed","Updated"
3180835,4184132,"IPLWUzShhqVxoVmpyIuA2g==",2,"Closed","Updated"
3194068,4185445,"JN1nuE8tkm3/XWtLYZXUow==",7,"Closed","Updated"
3194068,4185588,"JN1nuE8tkm3/XWtLYZXUow==",7,"Closed","Updated"
3194068,4185655,"JN1nuE8tkm3/XWtLYZXUow==",7,"Closed","Updated"
3194068,4185661,"JN1nuE8tkm3/XWtLYZXUow==",7,"Closed","Updated"
3194068,4185841,"JN1nuE8tkm3/XWtLYZXUow==",7,"Closed","Updated"
3194068,4185906,"JN1nuE8tkm3/XWtLYZXUow==",7,"Closed","Updated"
3194068,4185948,"JN1nuE8tkm3/XWtLYZXUow==",7,"Closed","Updated"
3132089,4191594,"JXlmNCBmUQTB0c5u0LcBSQ==",2,"Open","Updated"
3132089,4191600,"JXlmNCBmUQTB0c5u0LcBSQ==",2,"Open","Updated"
3175277,4183752,"JdexG4yybByV+GlQ6rjuTg==",2,"Closed","Updated"
3175277,4183753,"JdexG4yybByV+GlQ6rjuTg==",2,"Closed","Updated"
3179897,4190553,"Jj+2A3uYOGm5Vuifdw/4Zg==",2,"Open","Updated"
3179897,4190557,"Jj+2A3uYOGm5Vuifdw/4Zg==",2,"Open","Updated"
3116011,4183686,"K2grEf+oOJ6eVhesJrPIrg==",3,"Open","Updated"
3116011,4183689,"K2grEf+oOJ6eVhesJrPIrg==",3,"Open","Updated"
3116011,4183691,"K2grEf+oOJ6eVhesJrPIrg==",3,"Open","Updated"
3187881,4189166,"K8WzzeyH76wqGY3LJEnB7g==",2,"Closed","Updated"
3187881,4189177,"K8WzzeyH76wqGY3LJEnB7g==",2,"Closed","Updated"
3195537,4188549,"KDKWio1Ypb8i3BAPb3C2YQ==",4,"Closed","Updated"
3195537,4188558,"KDKWio1Ypb8i3BAPb3C2YQ==",4,"Closed","Updated"
3195537,4188563,"KDKWio1Ypb8i3BAPb3C2YQ==",4,"Closed","Updated"
3195537,4188579,"KDKWio1Ypb8i3BAPb3C2YQ==",4,"Closed","Updated"
3168143,4190583,"KKbSrhgmTTc67h4aj4T4kg==",2,"Open","Updated"
3168143,4190625,"KKbSrhgmTTc67h4aj4T4kg==",2,"Open","Updated"
3201562,4189146,"KZ1uzGa4POUgDri2sAE2Ng==",5,"Closed","Updated"
3201562,4189153,"KZ1uzGa4POUgDri2sAE2Ng==",5,"Closed","Updated"
3201562,4189175,"KZ1uzGa4POUgDri2sAE2Ng==",5,"Closed","Updated"
3201562,4189189,"KZ1uzGa4POUgDri2sAE2Ng==",5,"Closed","Updated"
3201562,4189198,"KZ1uzGa4POUgDri2sAE2Ng==",5,"Closed","Updated"
3157693,4183834,"KciiRAg75To2eS2tybXw2Q==",2,"Closed","Updated"
3157693,4183837,"KciiRAg75To2eS2tybXw2Q==",2,"Closed","Updated"
3202163,4190060,"KpUk37Cn+dj+Ae1m7Xy71Q==",2,"Closed","Updated"
3202163,4190068,"KpUk37Cn+dj+Ae1m7Xy71Q==",2,"Closed","Updated"
3122113,4190632,"Kx34FI10+DRzxvL7U+SC4Q==",2,"Open","Updated"
3122113,4190647,"Kx34FI10+DRzxvL7U+SC4Q==",2,"Open","Updated"
3184040,4190107,"L8m8g5/0sFxF/uJoRnEs7Q==",3,"Closed","Updated"
3184040,4190153,"L8m8g5/0sFxF/uJoRnEs7Q==",3,"Closed","Updated"
3184040,4190157,"L8m8g5/0sFxF/uJoRnEs7Q==",3,"Closed","Updated"
3201948,4190020,"LAu8DBIC+FCyVLntul+UGw==",2,"Closed","Updated"
3201948,4190027,"LAu8DBIC+FCyVLntul+UGw==",2,"Closed","Updated"
3186143,4184062,"LVgYUlcoJPuoUJYDYKnKrA==",5,"Closed","Updated"
3186143,4184074,"LVgYUlcoJPuoUJYDYKnKrA==",5,"Closed","Updated"
3186143,4184083,"LVgYUlcoJPuoUJYDYKnKrA==",5,"Closed","Updated"
3186143,4184089,"LVgYUlcoJPuoUJYDYKnKrA==",5,"Closed","Updated"
3186143,4184094,"LVgYUlcoJPuoUJYDYKnKrA==",5,"Closed","Updated"
3197054,4188478,"LupDjplYT3XkLgJthtvOJg==",4,"Unassigned","Updated"
3197054,4188509,"LupDjplYT3XkLgJthtvOJg==",4,"Unassigned","Updated"
3197054,4188564,"LupDjplYT3XkLgJthtvOJg==",4,"Unassigned","Updated"
3197054,4188581,"LupDjplYT3XkLgJthtvOJg==",4,"Unassigned","Updated"
3163215,4189986,"ME5Bl4/KAioGHaliC6RhMA==",2,"Closed","Updated"
3163215,4189995,"ME5Bl4/KAioGHaliC6RhMA==",2,"Closed","Updated"
3166820,4189261,"MKKF+O4mXUxMhnpJGAhHYg==",3,"Open","Updated"
3166820,4189279,"MKKF+O4mXUxMhnpJGAhHYg==",3,"Open","Updated"
3166820,4189288,"MKKF+O4mXUxMhnpJGAhHYg==",3,"Open","Updated"
3122113,4190774,"MNZ6ihYNL5EgWfmpKrKgCA==",2,"Open","Updated"
3122113,4190921,"MNZ6ihYNL5EgWfmpKrKgCA==",2,"Open","Updated"
3165650,4184252,"MgVlpRl+MJxvlRdxKuHr+w==",2,"Closed","Updated"
3165650,4184261,"MgVlpRl+MJxvlRdxKuHr+w==",2,"Closed","Updated"
3188878,4190818,"N9NcVBcEWphMuxPwrdiGig==",5,"Closed","Updated"
3188878,4190823,"N9NcVBcEWphMuxPwrdiGig==",5,"Closed","Updated"
3188878,4190829,"N9NcVBcEWphMuxPwrdiGig==",5,"Closed","Updated"
3188878,4190930,"N9NcVBcEWphMuxPwrdiGig==",5,"Closed","Updated"
3188878,4190940,"N9NcVBcEWphMuxPwrdiGig==",5,"Closed","Updated"
3144411,4188755,"Nrlb9Io6HaWyclphHcAoFA==",6,"Open","Updated"
3144411,4188757,"Nrlb9Io6HaWyclphHcAoFA==",6,"Open","Updated"
3144411,4188768,"Nrlb9Io6HaWyclphHcAoFA==",6,"Open","Updated"
3144411,4188771,"Nrlb9Io6HaWyclphHcAoFA==",6,"Open","Updated"
3144411,4188773,"Nrlb9Io6HaWyclphHcAoFA==",6,"Open","Updated"
3144411,4188781,"Nrlb9Io6HaWyclphHcAoFA==",6,"Open","Updated"
3164745,4189281,"OLWdz9bjhBl3Nnrnr5zS3g==",10,"Closed","Updated"
3164745,4189351,"OLWdz9bjhBl3Nnrnr5zS3g==",10,"Closed","Updated"
3164745,4189359,"OLWdz9bjhBl3Nnrnr5zS3g==",10,"Closed","Updated"
3164745,4189437,"OLWdz9bjhBl3Nnrnr5zS3g==",10,"Closed","Updated"
3164745,4189506,"OLWdz9bjhBl3Nnrnr5zS3g==",10,"Closed","Updated"
3164745,4189520,"OLWdz9bjhBl3Nnrnr5zS3g==",10,"Closed","Updated"
3164745,4189598,"OLWdz9bjhBl3Nnrnr5zS3g==",10,"Closed","Updated"
3164745,4189760,"OLWdz9bjhBl3Nnrnr5zS3g==",10,"Closed","Updated"
3164745,4189776,"OLWdz9bjhBl3Nnrnr5zS3g==",10,"Closed","Updated"
3164745,4189812,"OLWdz9bjhBl3Nnrnr5zS3g==",10,"Closed","Updated"
3190146,4184278,"OPa8QT6VBMhDe0uFNHVkmg==",2,"Closed","Updated"
3190146,4184291,"OPa8QT6VBMhDe0uFNHVkmg==",2,"Closed","Updated"
3165884,4187151,"OQ/KCet3Tv4ecomArC09Hw==",10,"Closed","Updated"
3165884,4187192,"OQ/KCet3Tv4ecomArC09Hw==",10,"Closed","Updated"
3165884,4187217,"OQ/KCet3Tv4ecomArC09Hw==",10,"Closed","Updated"
3165884,4187223,"OQ/KCet3Tv4ecomArC09Hw==",10,"Closed","Updated"
3165884,4187233,"OQ/KCet3Tv4ecomArC09Hw==",10,"Closed","Updated"
3165884,4187272,"OQ/KCet3Tv4ecomArC09Hw==",10,"Closed","Updated"
3165884,4187292,"OQ/KCet3Tv4ecomArC09Hw==",10,"Closed","Updated"
3165884,4187319,"OQ/KCet3Tv4ecomArC09Hw==",10,"Closed","Updated"
3165884,4187345,"OQ/KCet3Tv4ecomArC09Hw==",10,"Closed","Updated"
3165884,4187361,"OQ/KCet3Tv4ecomArC09Hw==",10,"Closed","Updated"
3178069,4189698,"OSyyJjkJoFajMwNzXMofCA==",6,"Closed","Updated"
3178069,4189710,"OSyyJjkJoFajMwNzXMofCA==",6,"Closed","Updated"
3178069,4189741,"OSyyJjkJoFajMwNzXMofCA==",6,"Closed","Updated"
3178069,4189777,"OSyyJjkJoFajMwNzXMofCA==",6,"Closed","Updated"
3178069,4189793,"OSyyJjkJoFajMwNzXMofCA==",6,"Closed","Updated"
3178069,4189811,"OSyyJjkJoFajMwNzXMofCA==",6,"Closed","Updated"
2902459,4186135,"OWNhXgPTas3RgH2AMJ2cmA==",2,"Closed","Updated"
2902459,4186429,"OWNhXgPTas3RgH2AMJ2cmA==",2,"Closed","Updated"
3195625,4188253,"OjMCxScP3+C8uqxp3sfTyA==",2,"Closed","Updated"
3195625,4188279,"OjMCxScP3+C8uqxp3sfTyA==",2,"Closed","Updated"
3124390,4190399,"Ol5l/xBVuxQGWmqhZp7I/Q==",2,"Open","Updated"
3124390,4190418,"Ol5l/xBVuxQGWmqhZp7I/Q==",2,"Open","Updated"
3144317,4186954,"OtU/hgAcvGl9BLDM7kLgPA==",4,"Open","Updated"
3144317,4187095,"OtU/hgAcvGl9BLDM7kLgPA==",4,"Open","Updated"
3144317,4187146,"OtU/hgAcvGl9BLDM7kLgPA==",4,"Open","Updated"
3144317,4187153,"OtU/hgAcvGl9BLDM7kLgPA==",4,"Open","Updated"
3191388,4192780,"PBx/K74YFefA6q9jAc6HSA==",5,"Open","Updated"
3191388,4192783,"PBx/K74YFefA6q9jAc6HSA==",5,"Open","Updated"
3191388,4192789,"PBx/K74YFefA6q9jAc6HSA==",5,"Open","Updated"
3191388,4192794,"PBx/K74YFefA6q9jAc6HSA==",5,"Open","Updated"
3191388,4192797,"PBx/K74YFefA6q9jAc6HSA==",5,"Open","Updated"
3176725,4190481,"Pet35VPESW5WstClrDSI3g==",7,"Open","Updated"
3176725,4190496,"Pet35VPESW5WstClrDSI3g==",7,"Open","Updated"
3176725,4190508,"Pet35VPESW5WstClrDSI3g==",7,"Open","Updated"
3176725,4190526,"Pet35VPESW5WstClrDSI3g==",7,"Open","Updated"
3176725,4190595,"Pet35VPESW5WstClrDSI3g==",7,"Open","Updated"
3176725,4190613,"Pet35VPESW5WstClrDSI3g==",7,"Open","Updated"
3176725,4190622,"Pet35VPESW5WstClrDSI3g==",7,"Open","Updated"
3187272,4190572,"PkAKGJIWvmw9/fasz3/6lQ==",5,"In progress","Updated"
3187272,4190673,"PkAKGJIWvmw9/fasz3/6lQ==",5,"In progress","Updated"
3187272,4190690,"PkAKGJIWvmw9/fasz3/6lQ==",5,"In progress","Updated"
3187272,4190748,"PkAKGJIWvmw9/fasz3/6lQ==",5,"In progress","Updated"
3187272,4190794,"PkAKGJIWvmw9/fasz3/6lQ==",5,"In progress","Updated"
3147983,4190168,"PoGbEhnngR4BGyHiIQWiyQ==",2,"Open","Updated"
3147983,4190257,"PoGbEhnngR4BGyHiIQWiyQ==",2,"Open","Updated"
3194349,4188552,"PuC52FWe24/n4/uazlSrFw==",2,"Open","Updated"
3194349,4188555,"PuC52FWe24/n4/uazlSrFw==",2,"Open","Updated"
3144411,4191612,"PuTeID2LbgAzWZ8nDE6Fqg==",2,"Open","Updated"
3144411,4191728,"PuTeID2LbgAzWZ8nDE6Fqg==",2,"Open","Updated"
3202301,4190178,"PuhIZSKkLPBXGtX8OXFgog==",3,"Closed","Updated"
3202301,4190216,"PuhIZSKkLPBXGtX8OXFgog==",3,"Closed","Updated"
3202301,4190421,"PuhIZSKkLPBXGtX8OXFgog==",3,"Closed","Updated"
3166806,4184175,"PyWTrxnzLiZjwYsylcIVjg==",3,"Closed","Updated"
3166806,4184180,"PyWTrxnzLiZjwYsylcIVjg==",3,"Closed","Updated"
3166806,4184186,"PyWTrxnzLiZjwYsylcIVjg==",3,"Closed","Updated"
3170363,4189561,"Pyj5+vdJtFD4D9K5+huIfA==",2,"Closed","Updated"
3170363,4189568,"Pyj5+vdJtFD4D9K5+huIfA==",2,"Closed","Updated"
3194349,4188623,"Q09b8BI1bxuJBIhkmcM4fA==",2,"Open","Updated"
3194349,4188626,"Q09b8BI1bxuJBIhkmcM4fA==",2,"Open","Updated"
3172021,4190680,"QBzL/YsIlkhbQkWYUQKApg==",4,"Closed","Updated"
3172021,4190849,"QBzL/YsIlkhbQkWYUQKApg==",4,"Closed","Updated"
3172021,4190858,"QBzL/YsIlkhbQkWYUQKApg==",4,"Closed","Updated"
3172021,4190906,"QBzL/YsIlkhbQkWYUQKApg==",4,"Closed","Updated"
3184916,4184184,"QDCb9XLUDb+SvIjo+tN0rw==",2,"Closed","Updated"
3184916,4184198,"QDCb9XLUDb+SvIjo+tN0rw==",2,"Closed","Updated"
3045950,4191513,"QGBFO1xSWSxekEszMX2Jcg==",3,"Closed","Updated"
3045950,4191593,"QGBFO1xSWSxekEszMX2Jcg==",3,"Closed","Updated"
3045950,4191725,"QGBFO1xSWSxekEszMX2Jcg==",3,"Closed","Updated"
1926181,4189713,"Quri0ZJp2uixUP0QZyTrRQ==",2,"Open","Updated"
1926181,4189808,"Quri0ZJp2uixUP0QZyTrRQ==",2,"Open","Updated"
3177352,4184373,"QwlQnkaHtLcGLYjKXYloFg==",5,"Closed","Updated"
3177352,4184389,"QwlQnkaHtLcGLYjKXYloFg==",5,"Closed","Updated"
3177352,4184459,"QwlQnkaHtLcGLYjKXYloFg==",5,"Closed","Updated"
3177352,4184490,"QwlQnkaHtLcGLYjKXYloFg==",5,"Closed","Updated"
3177352,4186624,"QwlQnkaHtLcGLYjKXYloFg==",5,"Closed","Updated"
3180469,4189088,"R1o10VajbI/urwcyoe8LzQ==",5,"Closed","Updated"
3180469,4189102,"R1o10VajbI/urwcyoe8LzQ==",5,"Closed","Updated"
3180469,4189106,"R1o10VajbI/urwcyoe8LzQ==",5,"Closed","Updated"
3180469,4189127,"R1o10VajbI/urwcyoe8LzQ==",5,"Closed","Updated"
3180469,4189155,"R1o10VajbI/urwcyoe8LzQ==",5,"Closed","Updated"
3184928,4186409,"RAi1nhEYZJuyLK4dcilIIQ==",2,"Open","Updated"
3184928,4186804,"RAi1nhEYZJuyLK4dcilIIQ==",2,"Open","Updated"
3127903,4188885,"RQrnTtn4D1wo3rxWW76uVA==",3,"Closed","Updated"
3127903,4188891,"RQrnTtn4D1wo3rxWW76uVA==",3,"Closed","Updated"
3127903,4189011,"RQrnTtn4D1wo3rxWW76uVA==",3,"Closed","Updated"
3194753,4188632,"RqRG0UscpglK50ltDbeb7g==",2,"Closed","Updated"
3194753,4188641,"RqRG0UscpglK50ltDbeb7g==",2,"Closed","Updated"
3196046,4190283,"RrFwYNsdGWNoycLft8/DVw==",2,"Closed","Updated"
3196046,4190289,"RrFwYNsdGWNoycLft8/DVw==",2,"Closed","Updated"
3101131,4188795,"SK25oKtq42jzVCIm7xzoKQ==",2,"Open","Updated"
3101131,4188819,"SK25oKtq42jzVCIm7xzoKQ==",2,"Open","Updated"
3202394,4190571,"SQFHd1zzA1IEGc5YaCO5oQ==",4,"Closed","Updated"
3202394,4190597,"SQFHd1zzA1IEGc5YaCO5oQ==",4,"Closed","Updated"
3202394,4190611,"SQFHd1zzA1IEGc5YaCO5oQ==",4,"Closed","Updated"
3202394,4190621,"SQFHd1zzA1IEGc5YaCO5oQ==",4,"Closed","Updated"
3195977,4187232,"SRbJ4hQCyzDHkZ7SDrkdTw==",2,"Closed","Updated"
3195977,4187241,"SRbJ4hQCyzDHkZ7SDrkdTw==",2,"Closed","Updated"
3196755,4187212,"Sl7oEQdIGaJjdd7HMtLCYA==",2,"Open","Updated"
3196755,4187220,"Sl7oEQdIGaJjdd7HMtLCYA==",2,"Open","Updated"
3192515,4189472,"TC4O46SKVPRZPXCxYWr4nw==",2,"Closed","Updated"
3192515,4189481,"TC4O46SKVPRZPXCxYWr4nw==",2,"Closed","Updated"
3128164,4189937,"U3FYuoSMNSUIEpNZPdzQ6g==",3,"Open","Updated"
3128164,4189952,"U3FYuoSMNSUIEpNZPdzQ6g==",3,"Open","Updated"
3128164,4189964,"U3FYuoSMNSUIEpNZPdzQ6g==",3,"Open","Updated"
3194849,4189625,"U6QXJHsTjWPHFqHgHdtVKA==",2,"Closed","Updated"
3194849,4189699,"U6QXJHsTjWPHFqHgHdtVKA==",2,"Closed","Updated"
3160247,4183801,"UEua0VG9gPd/bYGd7oQM+g==",2,"Closed","Updated"
3160247,4183804,"UEua0VG9gPd/bYGd7oQM+g==",2,"Closed","Updated"
3151689,4184019,"URyhvJSNw+BzuxRYdabNAw==",2,"Closed","Updated"
3151689,4184035,"URyhvJSNw+BzuxRYdabNAw==",2,"Closed","Updated"
3194682,4189229,"UWTBkqUhX2cxJc+ZjFDzHQ==",3,"Closed","Updated"
3194682,4189236,"UWTBkqUhX2cxJc+ZjFDzHQ==",3,"Closed","Updated"
3194682,4189245,"UWTBkqUhX2cxJc+ZjFDzHQ==",3,"Closed","Updated"
3196150,4187189,"Ubr+KcKYWkbclrkshW0gUQ==",2,"Closed","Updated"
3196150,4187199,"Ubr+KcKYWkbclrkshW0gUQ==",2,"Closed","Updated"
3145362,4189540,"UjAgJ5gJqAcgdZ+/oF6k3g==",2,"Closed","Updated"
3145362,4189803,"UjAgJ5gJqAcgdZ+/oF6k3g==",2,"Closed","Updated"
3161784,4190830,"UoL0z9ndrQSbwoxwsxwl/w==",2,"Closed","Updated"
3161784,4190840,"UoL0z9ndrQSbwoxwsxwl/w==",2,"Closed","Updated"
3189002,4189574,"UoQKStrbQiOgFjteQnvxqQ==",6,"Closed","Updated"
3189002,4189592,"UoQKStrbQiOgFjteQnvxqQ==",6,"Closed","Updated"
3189002,4189614,"UoQKStrbQiOgFjteQnvxqQ==",6,"Closed","Updated"
3189002,4189620,"UoQKStrbQiOgFjteQnvxqQ==",6,"Closed","Updated"
3189002,4189667,"UoQKStrbQiOgFjteQnvxqQ==",6,"Closed","Updated"
3189002,4189734,"UoQKStrbQiOgFjteQnvxqQ==",6,"Closed","Updated"
3173620,4188480,"Up0iqiSpjK6klponGApJrg==",2,"Open","Updated"
3173620,4188518,"Up0iqiSpjK6klponGApJrg==",2,"Open","Updated"
3184270,4186407,"V1XXm5apP4SYGbf4M39REw==",2,"Closed","Updated"
3184270,4186479,"V1XXm5apP4SYGbf4M39REw==",2,"Closed","Updated"
3124146,4190817,"V24p5jf3emozIrE2QnevqA==",2,"Closed","Updated"
3124146,4190837,"V24p5jf3emozIrE2QnevqA==",2,"Closed","Updated"
3189411,4186049,"VFLrizMSzKGcK8UL4ZRLmQ==",3,"Closed","Updated"
3189411,4186104,"VFLrizMSzKGcK8UL4ZRLmQ==",3,"Closed","Updated"
3189411,4186711,"VFLrizMSzKGcK8UL4ZRLmQ==",3,"Closed","Updated"
3195542,4187422,"VVZV2XYScCe9aK6U3X0u0Q==",2,"Closed","Updated"
3195542,4187430,"VVZV2XYScCe9aK6U3X0u0Q==",2,"Closed","Updated"
3187718,4191633,"VgPwNnl4bl5hdMyvLiyA0g==",2,"Closed","Updated"
3187718,4191719,"VgPwNnl4bl5hdMyvLiyA0g==",2,"Closed","Updated"
3188168,4190172,"WCVd2BfLt0nIY8QTUnyRXw==",2,"Closed","Updated"
3188168,4190258,"WCVd2BfLt0nIY8QTUnyRXw==",2,"Closed","Updated"
169986,4184425,"WSPqoSRycQ3Asdl7rrWjXA==",2,"Closed","Updated"
169986,4184436,"WSPqoSRycQ3Asdl7rrWjXA==",2,"Closed","Updated"
3182015,4186398,"WVNgc6i6KqXBEVm3SvUH9A==",2,"Open","Updated"
3182015,4186929,"WVNgc6i6KqXBEVm3SvUH9A==",2,"Open","Updated"
3192680,4189079,"WxlhITTSXMOQqWti1AYM8A==",9,"Closed","Updated"
3192680,4189081,"WxlhITTSXMOQqWti1AYM8A==",9,"Closed","Updated"
3192680,4189095,"WxlhITTSXMOQqWti1AYM8A==",9,"Closed","Updated"
3192680,4189117,"WxlhITTSXMOQqWti1AYM8A==",9,"Closed","Updated"
3192680,4189134,"WxlhITTSXMOQqWti1AYM8A==",9,"Closed","Updated"
3192680,4189158,"WxlhITTSXMOQqWti1AYM8A==",9,"Closed","Updated"
3192680,4189167,"WxlhITTSXMOQqWti1AYM8A==",9,"Closed","Updated"
3192680,4189188,"WxlhITTSXMOQqWti1AYM8A==",9,"Closed","Updated"
3192680,4189197,"WxlhITTSXMOQqWti1AYM8A==",9,"Closed","Updated"
2364949,4186723,"X8zFppu0IJGQw8U9VAz2JQ==",2,"Closed","Updated"
2364949,4186797,"X8zFppu0IJGQw8U9VAz2JQ==",2,"Closed","Updated"
3078438,4186720,"XAOEb15aGDkVOxZAd2SRLg==",2,"Open","Updated"
3078438,4186893,"XAOEb15aGDkVOxZAd2SRLg==",2,"Open","Updated"
3169061,4184225,"XKe3n0XtHDPTiW3WDC+Wew==",2,"Open","Updated"
3169061,4184399,"XKe3n0XtHDPTiW3WDC+Wew==",2,"Open","Updated"
3187584,4188783,"XOis8l9rwTjwpI+2Po4Pfw==",5,"Open","Updated"
3187584,4188812,"XOis8l9rwTjwpI+2Po4Pfw==",5,"Open","Updated"
3187584,4188815,"XOis8l9rwTjwpI+2Po4Pfw==",5,"Open","Updated"
3187584,4188821,"XOis8l9rwTjwpI+2Po4Pfw==",5,"Open","Updated"
3187584,4188829,"XOis8l9rwTjwpI+2Po4Pfw==",5,"Open","Updated"
3173620,4188522,"XOnhPwlCuH2lSXc2lQh/Ow==",2,"Open","Updated"
3173620,4188526,"XOnhPwlCuH2lSXc2lQh/Ow==",2,"Open","Updated"
3184862,4183960,"XYPtVcE925lyEQB7xVNCBQ==",2,"Closed","Updated"
3184862,4183965,"XYPtVcE925lyEQB7xVNCBQ==",2,"Closed","Updated"
3179630,4190264,"XfzI97iS4D/4meBOznRRBg==",3,"Closed","Updated"
3179630,4190308,"XfzI97iS4D/4meBOznRRBg==",3,"Closed","Updated"
3179630,4190419,"XfzI97iS4D/4meBOznRRBg==",3,"Closed","Updated"
3187486,4184679,"XuwKu2CtMbh3n9rreu9KkA==",3,"Closed","Updated"
3187486,4184686,"XuwKu2CtMbh3n9rreu9KkA==",3,"Closed","Updated"
3187486,4184701,"XuwKu2CtMbh3n9rreu9KkA==",3,"Closed","Updated"
3160125,4189128,"YaIIS7gkVgh5dy/9W1EJJg==",2,"Closed","Updated"
3160125,4189130,"YaIIS7gkVgh5dy/9W1EJJg==",2,"Closed","Updated"
3159075,4188023,"YsgMBjA4ZSfvZxgFofJGaw==",3,"Closed","Updated"
3159075,4188045,"YsgMBjA4ZSfvZxgFofJGaw==",3,"Closed","Updated"
3159075,4188070,"YsgMBjA4ZSfvZxgFofJGaw==",3,"Closed","Updated"
3131948,4189093,"ZGOPejb3PGhRzZNI6q3E3w==",5,"Closed","Updated"
3131948,4189135,"ZGOPejb3PGhRzZNI6q3E3w==",5,"Closed","Updated"
3131948,4189141,"ZGOPejb3PGhRzZNI6q3E3w==",5,"Closed","Updated"
3131948,4189144,"ZGOPejb3PGhRzZNI6q3E3w==",5,"Closed","Updated"
3131948,4189193,"ZGOPejb3PGhRzZNI6q3E3w==",5,"Closed","Updated"
3163339,4183883,"ZvJoIFskMErUp6evzcLTDA==",2,"Closed","Updated"
3163339,4183896,"ZvJoIFskMErUp6evzcLTDA==",2,"Closed","Updated"
3180493,4184501,"a/cbUgpzkahCar14dmzX8Q==",2,"Closed","Updated"
3180493,4184507,"a/cbUgpzkahCar14dmzX8Q==",2,"Closed","Updated"
3201915,4191040,"aQbT4PTtyQ8xs405ieOAtA==",2,"Closed","Updated"
3201915,4191046,"aQbT4PTtyQ8xs405ieOAtA==",2,"Closed","Updated"
3195046,4186950,"b2Vm+Qamzk37i7dytyrTCg==",3,"Open","Updated"
3195046,4187364,"b2Vm+Qamzk37i7dytyrTCg==",3,"Open","Updated"
3195046,4187508,"b2Vm+Qamzk37i7dytyrTCg==",3,"Open","Updated"
3188159,4189005,"bg77jQWmiOlbSVk5qWLKSA==",2,"Closed","Updated"
3188159,4189027,"bg77jQWmiOlbSVk5qWLKSA==",2,"Closed","Updated"
3198032,4189223,"btYqHBpK91EsmF4Z3SyuJw==",4,"Closed","Updated"
3198032,4189233,"btYqHBpK91EsmF4Z3SyuJw==",4,"Closed","Updated"
3198032,4189291,"btYqHBpK91EsmF4Z3SyuJw==",4,"Closed","Updated"
3198032,4189389,"btYqHBpK91EsmF4Z3SyuJw==",4,"Closed","Updated"
3201915,4191580,"btgQezKokosmsc2l+NOnBQ==",2,"Closed","Updated"
3201915,4191596,"btgQezKokosmsc2l+NOnBQ==",2,"Closed","Updated"
3184049,4188179,"busY1Kedp2stOhsrGaEXXQ==",2,"Closed","Updated"
3184049,4188196,"busY1Kedp2stOhsrGaEXXQ==",2,"Closed","Updated"
3191489,4188570,"c1+TVFy4ti3W/Ux5Cx14Ww==",2,"Closed","Updated"
3191489,4188574,"c1+TVFy4ti3W/Ux5Cx14Ww==",2,"Closed","Updated"
3183715,4187507,"cNuFJKNUXwaS6XFwsLh1wA==",2,"Open","Updated"
3183715,4187885,"cNuFJKNUXwaS6XFwsLh1wA==",2,"Open","Updated"
3159601,4189943,"cd1s+3Vf3fi4Q3xzvYJS6g==",4,"Open","Updated"
3159601,4190198,"cd1s+3Vf3fi4Q3xzvYJS6g==",4,"Open","Updated"
3159601,4190307,"cd1s+3Vf3fi4Q3xzvYJS6g==",4,"Open","Updated"
3159601,4190329,"cd1s+3Vf3fi4Q3xzvYJS6g==",4,"Open","Updated"
3129827,4186880,"crn2BFslZtcE+2p1qLyjBg==",2,"Closed","Updated"
3129827,4186921,"crn2BFslZtcE+2p1qLyjBg==",2,"Closed","Updated"
3180563,4190761,"d61EK2C137U+C97LhNq2yg==",4,"Closed","Updated"
3180563,4190781,"d61EK2C137U+C97LhNq2yg==",4,"Closed","Updated"
3180563,4190822,"d61EK2C137U+C97LhNq2yg==",4,"Closed","Updated"
3180563,4190825,"d61EK2C137U+C97LhNq2yg==",4,"Closed","Updated"
3197926,4188112,"dffz/j2ijohQcGjTDrzW5g==",2,"Open","Updated"
3197926,4188139,"dffz/j2ijohQcGjTDrzW5g==",2,"Open","Updated"
3170150,4183756,"dxn+Se6Z1PbsebITqXZ78A==",3,"Closed","Updated"
3170150,4183758,"dxn+Se6Z1PbsebITqXZ78A==",3,"Closed","Updated"
3170150,4183759,"dxn+Se6Z1PbsebITqXZ78A==",3,"Closed","Updated"
3164013,4183917,"e9wxQEPSiXrHNDtevXVGGQ==",3,"Open","Updated"
3164013,4183922,"e9wxQEPSiXrHNDtevXVGGQ==",3,"Open","Updated"
3164013,4183926,"e9wxQEPSiXrHNDtevXVGGQ==",3,"Open","Updated"
3159760,4189105,"eJhPOfIhVMNrK7XdZTOuhQ==",3,"Open","Updated"
3159760,4189113,"eJhPOfIhVMNrK7XdZTOuhQ==",3,"Open","Updated"
3159760,4189120,"eJhPOfIhVMNrK7XdZTOuhQ==",3,"Open","Updated"
3139116,4187688,"eZYNFiIWaPdZz86sNex2tg==",6,"Closed","Updated"
3139116,4188009,"eZYNFiIWaPdZz86sNex2tg==",6,"Closed","Updated"
3139116,4188022,"eZYNFiIWaPdZz86sNex2tg==",6,"Closed","Updated"
3139116,4188048,"eZYNFiIWaPdZz86sNex2tg==",6,"Closed","Updated"
3139116,4188086,"eZYNFiIWaPdZz86sNex2tg==",6,"Closed","Updated"
3139116,4188090,"eZYNFiIWaPdZz86sNex2tg==",6,"Closed","Updated"
3181590,4186951,"ec+BR54uWh1E5mgqnYQiRQ==",3,"Open","Updated"
3181590,4186972,"ec+BR54uWh1E5mgqnYQiRQ==",3,"Open","Updated"
3181590,4187010,"ec+BR54uWh1E5mgqnYQiRQ==",3,"Open","Updated"
3159760,4190542,"eu8DPxFqlwkFf70IdWe+UA==",3,"Open","Updated"
3159760,4190552,"eu8DPxFqlwkFf70IdWe+UA==",3,"Open","Updated"
3159760,4190567,"eu8DPxFqlwkFf70IdWe+UA==",3,"Open","Updated"
3190209,4188231,"f7CmG0KxjxjG56PYk7FqBQ==",5,"Closed","Updated"
3190209,4188413,"f7CmG0KxjxjG56PYk7FqBQ==",5,"Closed","Updated"
3190209,4188446,"f7CmG0KxjxjG56PYk7FqBQ==",5,"Closed","Updated"
3190209,4188504,"f7CmG0KxjxjG56PYk7FqBQ==",5,"Closed","Updated"
3190209,4188516,"f7CmG0KxjxjG56PYk7FqBQ==",5,"Closed","Updated"
3123398,4188722,"fCi4DnHSAzJibEQ2WKDKkg==",2,"Open","Updated"
3123398,4188725,"fCi4DnHSAzJibEQ2WKDKkg==",2,"Open","Updated"
3187718,4184028,"fJFd57uxzPwdMscg+k9L1Q==",5,"Closed","Updated"
3187718,4184034,"fJFd57uxzPwdMscg+k9L1Q==",5,"Closed","Updated"
3187718,4184042,"fJFd57uxzPwdMscg+k9L1Q==",5,"Closed","Updated"
3187718,4184048,"fJFd57uxzPwdMscg+k9L1Q==",5,"Closed","Updated"
3187718,4184070,"fJFd57uxzPwdMscg+k9L1Q==",5,"Closed","Updated"
3186877,4191324,"fU3sPaiEFK73OgDZh8UH3Q==",2,"Open","Updated"
3186877,4191342,"fU3sPaiEFK73OgDZh8UH3Q==",2,"Open","Updated"
3194095,4188766,"fYBGpk4TuonQ5ka/tFL0tg==",2,"Unassigned","Updated"
3194095,4188775,"fYBGpk4TuonQ5ka/tFL0tg==",2,"Unassigned","Updated"
3180036,4190689,"fd5exw9kLzAPuvy56dWSag==",4,"Open","Updated"
3180036,4190722,"fd5exw9kLzAPuvy56dWSag==",4,"Open","Updated"
3180036,4190750,"fd5exw9kLzAPuvy56dWSag==",4,"Open","Updated"
3180036,4190833,"fd5exw9kLzAPuvy56dWSag==",4,"Open","Updated"
3164722,4188841,"fsgN8PERM+DgEq6/SYXwtA==",2,"Closed","Updated"
3164722,4188847,"fsgN8PERM+DgEq6/SYXwtA==",2,"Closed","Updated"
3178872,4189410,"g+ixNdQTjPOrU84PaTCxKw==",2,"Closed","Updated"
3178872,4189462,"g+ixNdQTjPOrU84PaTCxKw==",2,"Closed","Updated"
3187001,4187976,"g2fOiMaFi3FrpbkJ14M2rQ==",4,"Closed","Updated"
3187001,4188007,"g2fOiMaFi3FrpbkJ14M2rQ==",4,"Closed","Updated"
3187001,4188087,"g2fOiMaFi3FrpbkJ14M2rQ==",4,"Closed","Updated"
3187001,4188154,"g2fOiMaFi3FrpbkJ14M2rQ==",4,"Closed","Updated"
3127992,4184277,"gBSAGks5LVW/1HUG4GfHLQ==",2,"Closed","Updated"
3127992,4184322,"gBSAGks5LVW/1HUG4GfHLQ==",2,"Closed","Updated"
3189951,4184945,"gLR5FqEOamGfl7NosXT5wA==",2,"Closed","Updated"
3189951,4185685,"gLR5FqEOamGfl7NosXT5wA==",2,"Closed","Updated"
3103240,4184476,"gLn34c8o6coxmffK/1fGVA==",3,"Closed","Updated"
3103240,4187188,"gLn34c8o6coxmffK/1fGVA==",3,"Closed","Updated"
3103240,4187266,"gLn34c8o6coxmffK/1fGVA==",3,"Closed","Updated"
3128129,4189424,"geuVlYcPx3E9rtNYtfWxJA==",2,"Closed","Updated"
3128129,4189432,"geuVlYcPx3E9rtNYtfWxJA==",2,"Closed","Updated"
3192878,4184472,"gsffm9nEs4m4rDLMzvqwig==",2,"Closed","Updated"
3192878,4184481,"gsffm9nEs4m4rDLMzvqwig==",2,"Closed","Updated"
3187404,4187172,"gzZI7MWd5NCI033ZkWUx5A==",3,"Closed","Updated"
3187404,4187275,"gzZI7MWd5NCI033ZkWUx5A==",3,"Closed","Updated"
3187404,4187303,"gzZI7MWd5NCI033ZkWUx5A==",3,"Closed","Updated"
3158252,4187022,"h5Yol1klPi2ZSqzHvAI9Uw==",2,"Closed","Updated"
3158252,4187156,"h5Yol1klPi2ZSqzHvAI9Uw==",2,"Closed","Updated"
3202301,4190206,"h7PLofjATVCaKvRA796jwA==",2,"Closed","Updated"
3202301,4190218,"h7PLofjATVCaKvRA796jwA==",2,"Closed","Updated"
3192989,4189743,"hHKn8HZb1WYcTO0Bkp8SLQ==",2,"Closed","Updated"
3192989,4191188,"hHKn8HZb1WYcTO0Bkp8SLQ==",2,"Closed","Updated"
3166338,4185941,"hOjUQFKsvDXV5mmX8h/syA==",2,"Open","Updated"
3166338,4185994,"hOjUQFKsvDXV5mmX8h/syA==",2,"Open","Updated"
3165937,4188512,"hdlY5SISKbuno+gHJ7wKHQ==",2,"Open","Updated"
3165937,4188520,"hdlY5SISKbuno+gHJ7wKHQ==",2,"Open","Updated"
3083805,4191499,"hfRLz/9gAph9LxJO67rCUg==",2,"Closed","Updated"
3083805,4191724,"hfRLz/9gAph9LxJO67rCUg==",2,"Closed","Updated"
3196150,4187231,"houw6qZO4x19bFJdlFhmeA==",2,"Closed","Updated"
3196150,4187239,"houw6qZO4x19bFJdlFhmeA==",2,"Closed","Updated"
3185030,4190356,"hyyZYPIGn+x5cbs49vdaUw==",3,"Closed","Updated"
3185030,4190373,"hyyZYPIGn+x5cbs49vdaUw==",3,"Closed","Updated"
3185030,4190427,"hyyZYPIGn+x5cbs49vdaUw==",3,"Closed","Updated"
3193609,4188863,"i5mpob7m4V85fOUgZRUm+Q==",3,"Closed","Updated"
3193609,4188866,"i5mpob7m4V85fOUgZRUm+Q==",3,"Closed","Updated"
3193609,4188867,"i5mpob7m4V85fOUgZRUm+Q==",3,"Closed","Updated"
3187245,4184077,"iUCnTUj6z71iGcJwlOU/BA==",2,"Closed","Updated"
3187245,4184084,"iUCnTUj6z71iGcJwlOU/BA==",2,"Closed","Updated"
3122483,4186535,"iWT5pOoIfssug2Sk+FEbmw==",2,"Open","Updated"
3122483,4186658,"iWT5pOoIfssug2Sk+FEbmw==",2,"Open","Updated"
3131948,4189248,"iiFjo8BqznpgfIReu2BFXg==",2,"Closed","Updated"
3131948,4189258,"iiFjo8BqznpgfIReu2BFXg==",2,"Closed","Updated"
3164764,4191644,"iy1WmtwK98NaIaT6mXWWHA==",2,"In progress","Updated"
3164764,4191649,"iy1WmtwK98NaIaT6mXWWHA==",2,"In progress","Updated"
3198420,4188420,"j7PU78a7c6zKofIBVOi5ug==",2,"Closed","Updated"
3198420,4188427,"j7PU78a7c6zKofIBVOi5ug==",2,"Closed","Updated"
3175428,4186536,"jUdR5KlFNC67Bpf1Q2YoXA==",2,"Open","Updated"
3175428,4186757,"jUdR5KlFNC67Bpf1Q2YoXA==",2,"Open","Updated"
3162950,4188842,"jYpsfCXgY2OBo/Eb+rxeBg==",2,"Open","Updated"
3162950,4188843,"jYpsfCXgY2OBo/Eb+rxeBg==",2,"Open","Updated"
3162460,4190527,"jgPYvAmAyJcOC+uNsr99vg==",2,"Closed","Updated"
3162460,4190577,"jgPYvAmAyJcOC+uNsr99vg==",2,"Closed","Updated"
3188833,4188591,"jlsRXSYktNh+gkwEB1BCXA==",2,"Closed","Updated"
3188833,4188598,"jlsRXSYktNh+gkwEB1BCXA==",2,"Closed","Updated"
3166820,4188765,"k6n6R4+w40yHFvamsZlYZA==",3,"Open","Updated"
3166820,4188769,"k6n6R4+w40yHFvamsZlYZA==",3,"Open","Updated"
3166820,4188774,"k6n6R4+w40yHFvamsZlYZA==",3,"Open","Updated"
3167438,4187335,"k7yVUTDAvXKMzF7aV+gBcg==",2,"Closed","Updated"
3167438,4187459,"k7yVUTDAvXKMzF7aV+gBcg==",2,"Closed","Updated"
3181597,4184029,"kJb+OYWcrKQoiCbrp6DNIQ==",3,"Open","Updated"
3181597,4184051,"kJb+OYWcrKQoiCbrp6DNIQ==",3,"Open","Updated"
3181597,4184060,"kJb+OYWcrKQoiCbrp6DNIQ==",3,"Open","Updated"
3165416,4186973,"kOpN3YGk6wqnMQ+1E/j4Dg==",3,"Open","Updated"
3165416,4187021,"kOpN3YGk6wqnMQ+1E/j4Dg==",3,"Open","Updated"
3165416,4187090,"kOpN3YGk6wqnMQ+1E/j4Dg==",3,"Open","Updated"
3155880,4187549,"kSuTP+3KnQZhKz+ZuE9ULA==",2,"Open","Updated"
3155880,4187554,"kSuTP+3KnQZhKz+ZuE9ULA==",2,"Open","Updated"
3195191,4190674,"kj6YdykqbvawdiG7kl5NNA==",2,"Closed","Updated"
3195191,4190757,"kj6YdykqbvawdiG7kl5NNA==",2,"Closed","Updated"
3192277,4183964,"kmsBSxDUGWczihs0xcb6vQ==",2,"Closed","Updated"
3192277,4184008,"kmsBSxDUGWczihs0xcb6vQ==",2,"Closed","Updated"
3193917,4183884,"kp+nB8Oc6XgJ5mnPXVUxqw==",3,"Closed","Updated"
3193917,4183889,"kp+nB8Oc6XgJ5mnPXVUxqw==",3,"Closed","Updated"
3193917,4183890,"kp+nB8Oc6XgJ5mnPXVUxqw==",3,"Closed","Updated"
3172021,4190816,"ksj23ztcpApeU8IYnrKPJg==",2,"Closed","Updated"
3172021,4190848,"ksj23ztcpApeU8IYnrKPJg==",2,"Closed","Updated"
3155880,4187586,"l/ZxABu1a561pW5u9Hxprg==",5,"Open","Updated"
3155880,4187609,"l/ZxABu1a561pW5u9Hxprg==",5,"Open","Updated"
3155880,4187635,"l/ZxABu1a561pW5u9Hxprg==",5,"Open","Updated"
3155880,4187664,"l/ZxABu1a561pW5u9Hxprg==",5,"Open","Updated"
3155880,4187748,"l/ZxABu1a561pW5u9Hxprg==",5,"Open","Updated"
3155534,4189979,"lNnZh7PX7dDHwqNrvXlDLg==",2,"Open","Updated"
3155534,4190034,"lNnZh7PX7dDHwqNrvXlDLg==",2,"Open","Updated"
3178190,4189085,"lbD5yThgw+P6k7y46v+JVg==",2,"Closed","Updated"
3178190,4189140,"lbD5yThgw+P6k7y46v+JVg==",2,"Closed","Updated"
3196150,4188481,"llAVPDQy4+Z/o5BfdoOYig==",2,"Closed","Updated"
3196150,4188500,"llAVPDQy4+Z/o5BfdoOYig==",2,"Closed","Updated"
3122199,4190606,"lry6PKxEMo+dfZH3xHV4sA==",2,"Open","Updated"
3122199,4190609,"lry6PKxEMo+dfZH3xHV4sA==",2,"Open","Updated"
3187307,4189590,"lwBCiAqdh5J0SOMX4GUNGw==",2,"Closed","Updated"
3187307,4189705,"lwBCiAqdh5J0SOMX4GUNGw==",2,"Closed","Updated"
3193674,4189052,"lxudfMmOyFbL18Quz61R7A==",3,"Closed","Updated"
3193674,4189089,"lxudfMmOyFbL18Quz61R7A==",3,"Closed","Updated"
3193674,4189092,"lxudfMmOyFbL18Quz61R7A==",3,"Closed","Updated"
2990078,4191566,"mRa2yW87UCRT+vMzaGzLjQ==",3,"Open","Updated"
2990078,4191595,"mRa2yW87UCRT+vMzaGzLjQ==",3,"Open","Updated"
2990078,4191603,"mRa2yW87UCRT+vMzaGzLjQ==",3,"Open","Updated"
3183380,4183862,"mV0TF6hsgOfqWytfktDNmw==",2,"Open","Updated"
3183380,4183865,"mV0TF6hsgOfqWytfktDNmw==",2,"Open","Updated"
3111637,4184104,"maJGiEu4HZRy5V/kCQJKYg==",3,"Open","Updated"
3111637,4184115,"maJGiEu4HZRy5V/kCQJKYg==",3,"Open","Updated"
3111637,4184163,"maJGiEu4HZRy5V/kCQJKYg==",3,"Open","Updated"
3167843,4183995,"mspTmzJjfmGeXjOyi8/KKQ==",2,"Open","Updated"
3167843,4184003,"mspTmzJjfmGeXjOyi8/KKQ==",2,"Open","Updated"
2979201,4190073,"mtakGWLfzWo+Hz95QceDEQ==",2,"Open","Updated"
2979201,4190085,"mtakGWLfzWo+Hz95QceDEQ==",2,"Open","Updated"
3152735,4188862,"mxU5N5GBy8eBtTx7ZwgZQQ==",3,"Closed","Updated"
3152735,4188865,"mxU5N5GBy8eBtTx7ZwgZQQ==",3,"Closed","Updated"
3152735,4188869,"mxU5N5GBy8eBtTx7ZwgZQQ==",3,"Closed","Updated"
3144384,4189591,"oAdjURNFGw+LfrSOIlReNQ==",2,"Closed","Updated"
3144384,4189601,"oAdjURNFGw+LfrSOIlReNQ==",2,"Closed","Updated"
3199020,4188607,"oArfjuZFnAw6NIV4bVimhw==",2,"Closed","Updated"
3199020,4188618,"oArfjuZFnAw6NIV4bVimhw==",2,"Closed","Updated"
3004841,4183976,"oAtsOcHF0G+Nm8gQnQMmBA==",2,"Open","Updated"
3004841,4183982,"oAtsOcHF0G+Nm8gQnQMmBA==",2,"Open","Updated"
3197324,4187428,"oDVWkUzhCWApJo3qvy4w7A==",2,"Closed","Updated"
3197324,4187447,"oDVWkUzhCWApJo3qvy4w7A==",2,"Closed","Updated"
3159837,4188700,"oNnvIemEVR/cQFhIlMe6AA==",2,"Open","Updated"
3159837,4188702,"oNnvIemEVR/cQFhIlMe6AA==",2,"Open","Updated"
3194129,4189174,"oU+QLnz6xcCcs2YH1H/XIA==",2,"Closed","Updated"
3194129,4189190,"oU+QLnz6xcCcs2YH1H/XIA==",2,"Closed","Updated"
3180964,4186538,"oe4WOzmdg8CxX11/imdYwg==",2,"Closed","Updated"
3180964,4186687,"oe4WOzmdg8CxX11/imdYwg==",2,"Closed","Updated"
3048313,4190271,"okCATRsSoshBqeBsZOC/cw==",2,"Open","Updated"
3048313,4190312,"okCATRsSoshBqeBsZOC/cw==",2,"Open","Updated"
3176565,4188800,"pN5/YmsOY7adDVE66Vkxwg==",2,"Closed","Updated"
3176565,4188807,"pN5/YmsOY7adDVE66Vkxwg==",2,"Closed","Updated"
3180984,4184488,"pUgEBU0zcDmumBSXt8nk1w==",2,"Open","Updated"
3180984,4184497,"pUgEBU0zcDmumBSXt8nk1w==",2,"Open","Updated"
3195753,4189370,"pYMPfCN24bmljoIQUgtiPg==",2,"Closed","Updated"
3195753,4189381,"pYMPfCN24bmljoIQUgtiPg==",2,"Closed","Updated"
3079346,4189679,"pvExR3Rd5m7C/eK6sOH1SA==",2,"Closed","Updated"
3079346,4189735,"pvExR3Rd5m7C/eK6sOH1SA==",2,"Closed","Updated"
3203069,4190821,"q4PnJt8Y4hi3UXolC75osA==",3,"Closed","Updated"
3203069,4190877,"q4PnJt8Y4hi3UXolC75osA==",3,"Closed","Updated"
3203069,4190889,"q4PnJt8Y4hi3UXolC75osA==",3,"Closed","Updated"
3174198,4187637,"qLIPi0Jlg9jNdRQ6qt9Xfg==",2,"Closed","Updated"
3174198,4187685,"qLIPi0Jlg9jNdRQ6qt9Xfg==",2,"Closed","Updated"
3162846,4188872,"qYeJXngR7/qyLn1ZWwA3tg==",7,"Open","Updated"
3162846,4188874,"qYeJXngR7/qyLn1ZWwA3tg==",7,"Open","Updated"
3162846,4188875,"qYeJXngR7/qyLn1ZWwA3tg==",7,"Open","Updated"
3162846,4188878,"qYeJXngR7/qyLn1ZWwA3tg==",7,"Open","Updated"
3162846,4188882,"qYeJXngR7/qyLn1ZWwA3tg==",7,"Open","Updated"
3162846,4188889,"qYeJXngR7/qyLn1ZWwA3tg==",7,"Open","Updated"
3162846,4189008,"qYeJXngR7/qyLn1ZWwA3tg==",7,"Open","Updated"
3164953,4188528,"qlShEdNcQjq1OFXGTN5N6A==",2,"Closed","Updated"
3164953,4188531,"qlShEdNcQjq1OFXGTN5N6A==",2,"Closed","Updated"
3053166,4189391,"qwQldknnYO9yTdDy8qpVGQ==",6,"Closed","Updated"
3053166,4189859,"qwQldknnYO9yTdDy8qpVGQ==",6,"Closed","Updated"
3053166,4190630,"qwQldknnYO9yTdDy8qpVGQ==",6,"Closed","Updated"
3053166,4190655,"qwQldknnYO9yTdDy8qpVGQ==",6,"Closed","Updated"
3053166,4190688,"qwQldknnYO9yTdDy8qpVGQ==",6,"Closed","Updated"
3053166,4191202,"qwQldknnYO9yTdDy8qpVGQ==",6,"Closed","Updated"
3196150,4187205,"r6Ncs1DqjeynO0v9FzZXAg==",2,"Closed","Updated"
3196150,4187218,"r6Ncs1DqjeynO0v9FzZXAg==",2,"Closed","Updated"
3148695,4189619,"rCn2HupxDdRhEqtPN6coRQ==",2,"Closed","Updated"
3148695,4189674,"rCn2HupxDdRhEqtPN6coRQ==",2,"Closed","Updated"
3166653,4189206,"rKXbi0+MseEVlB/XpUpi/A==",2,"Closed","Updated"
3166653,4189224,"rKXbi0+MseEVlB/XpUpi/A==",2,"Closed","Updated"
3146989,4186529,"rWVjF1QdiFjqrVKwC6i1Lw==",2,"Open","Updated"
3146989,4186751,"rWVjF1QdiFjqrVKwC6i1Lw==",2,"Open","Updated"
3159158,4191599,"rY3XP6awHL1jOI7akxU+uQ==",2,"Open","Updated"
3159158,4191726,"rY3XP6awHL1jOI7akxU+uQ==",2,"Open","Updated"
3098759,4190279,"rn7yFcvcGFDlgPIa7fcn3g==",2,"Closed","Updated"
3098759,4190286,"rn7yFcvcGFDlgPIa7fcn3g==",2,"Closed","Updated"
3151689,4183902,"s4JjISm81wmcNeGIYX11fg==",4,"Closed","Updated"
3151689,4183905,"s4JjISm81wmcNeGIYX11fg==",4,"Closed","Updated"
3151689,4183906,"s4JjISm81wmcNeGIYX11fg==",4,"Closed","Updated"
3151689,4183910,"s4JjISm81wmcNeGIYX11fg==",4,"Closed","Updated"
3185658,4184371,"s99t3o6pIM8gO/E41LT4kw==",5,"Closed","Updated"
3185658,4184387,"s99t3o6pIM8gO/E41LT4kw==",5,"Closed","Updated"
3185658,4184426,"s99t3o6pIM8gO/E41LT4kw==",5,"Closed","Updated"
3185658,4184458,"s99t3o6pIM8gO/E41LT4kw==",5,"Closed","Updated"
3185658,4186517,"s99t3o6pIM8gO/E41LT4kw==",5,"Closed","Updated"
3164251,4186719,"sCv4VEuzCfl0YPovOCIRHg==",2,"Open","Updated"
3164251,4186756,"sCv4VEuzCfl0YPovOCIRHg==",2,"Open","Updated"
3172879,4190641,"sF9J1h8DmwEQm0MJlbdISg==",2,"Open","Updated"
3172879,4190666,"sF9J1h8DmwEQm0MJlbdISg==",2,"Open","Updated"
3180317,4190368,"sLIwo4ZkRXhSiFEq2AMcLQ==",3,"Closed","Updated"
3180317,4190414,"sLIwo4ZkRXhSiFEq2AMcLQ==",3,"Closed","Updated"
3180317,4190426,"sLIwo4ZkRXhSiFEq2AMcLQ==",3,"Closed","Updated"
3169199,4183789,"slsCjlnxg2v8LKcJRPgvxQ==",2,"Closed","Updated"
3169199,4183790,"slsCjlnxg2v8LKcJRPgvxQ==",2,"Closed","Updated"
3195620,4190204,"t6G+SUCXcc7p6Uk+qXAWfw==",2,"Closed","Updated"
3195620,4190208,"t6G+SUCXcc7p6Uk+qXAWfw==",2,"Closed","Updated"
3139173,4190653,"tC98tkhMWV8T1Bjf6u+xTA==",3,"Open","Updated"
3139173,4190671,"tC98tkhMWV8T1Bjf6u+xTA==",3,"Open","Updated"
3139173,4190768,"tC98tkhMWV8T1Bjf6u+xTA==",3,"Open","Updated"
3168572,4192605,"tMosXAhdwY6/rtx6+d8ehg==",2,"Closed","Updated"
3168572,4192608,"tMosXAhdwY6/rtx6+d8ehg==",2,"Closed","Updated"
3196773,4189181,"tP/llbRrxmlzMEqvs46mjg==",3,"Closed","Updated"
3196773,4189186,"tP/llbRrxmlzMEqvs46mjg==",3,"Closed","Updated"
3196773,4189192,"tP/llbRrxmlzMEqvs46mjg==",3,"Closed","Updated"
2960631,4183934,"tpM01c/0tsWSqmrmQjvvjg==",11,"Closed","Updated"
2960631,4183941,"tpM01c/0tsWSqmrmQjvvjg==",11,"Closed","Updated"
2960631,4183977,"tpM01c/0tsWSqmrmQjvvjg==",11,"Closed","Updated"
2960631,4183990,"tpM01c/0tsWSqmrmQjvvjg==",11,"Closed","Updated"
2960631,4184005,"tpM01c/0tsWSqmrmQjvvjg==",11,"Closed","Updated"
2960631,4184018,"tpM01c/0tsWSqmrmQjvvjg==",11,"Closed","Updated"
2960631,4184052,"tpM01c/0tsWSqmrmQjvvjg==",11,"Closed","Updated"
2960631,4184064,"tpM01c/0tsWSqmrmQjvvjg==",11,"Closed","Updated"
2960631,4184078,"tpM01c/0tsWSqmrmQjvvjg==",11,"Closed","Updated"
2960631,4184082,"tpM01c/0tsWSqmrmQjvvjg==",11,"Closed","Updated"
2960631,4184135,"tpM01c/0tsWSqmrmQjvvjg==",11,"Closed","Updated"
3202238,4192800,"tyayIb4XS0zCZePNiODPnQ==",2,"Open","Updated"
3202238,4192802,"tyayIb4XS0zCZePNiODPnQ==",2,"Open","Updated"
3179748,4188302,"uB4bAukbw5I4kFRFJa2KIA==",2,"Open","Updated"
3179748,4188327,"uB4bAukbw5I4kFRFJa2KIA==",2,"Open","Updated"
3163419,4190114,"uZgDNo2En6KvdofjDrbbVA==",4,"Open","Updated"
3163419,4190272,"uZgDNo2En6KvdofjDrbbVA==",4,"Open","Updated"
3163419,4190400,"uZgDNo2En6KvdofjDrbbVA==",4,"Open","Updated"
3163419,4190420,"uZgDNo2En6KvdofjDrbbVA==",4,"Open","Updated"
3186161,4189006,"udrXdvHu/9PEEpI1HSjMBA==",2,"Closed","Updated"
3186161,4189041,"udrXdvHu/9PEEpI1HSjMBA==",2,"Closed","Updated"
3190390,4186539,"uecVQpLVhINKCQaEFDO6tg==",2,"Closed","Updated"
3190390,4186604,"uecVQpLVhINKCQaEFDO6tg==",2,"Closed","Updated"
3187964,4189390,"v7tQZAup27MqI8Q/HUAq/w==",2,"Closed","Updated"
3187964,4189400,"v7tQZAup27MqI8Q/HUAq/w==",2,"Closed","Updated"
3196894,4189340,"vOTQTjjD5GNxPeBN5rZZ4w==",3,"Closed","Updated"
3196894,4189573,"vOTQTjjD5GNxPeBN5rZZ4w==",3,"Closed","Updated"
3196894,4189649,"vOTQTjjD5GNxPeBN5rZZ4w==",3,"Closed","Updated"
3193947,4186161,"vRuXMiGoKIb8JlxBrNuzcw==",2,"Closed","Updated"
3193947,4186631,"vRuXMiGoKIb8JlxBrNuzcw==",2,"Closed","Updated"
3160870,4189690,"vT5/gaayJnTdYKttUl3qvg==",2,"Closed","Updated"
3160870,4189762,"vT5/gaayJnTdYKttUl3qvg==",2,"Closed","Updated"
3196504,4188662,"vTpw/J+gWbJGK+LBbGEcdg==",6,"Closed","Updated"
3196504,4188667,"vTpw/J+gWbJGK+LBbGEcdg==",6,"Closed","Updated"
3196504,4188671,"vTpw/J+gWbJGK+LBbGEcdg==",6,"Closed","Updated"
3196504,4188680,"vTpw/J+gWbJGK+LBbGEcdg==",6,"Closed","Updated"
3196504,4188692,"vTpw/J+gWbJGK+LBbGEcdg==",6,"Closed","Updated"
3196504,4188695,"vTpw/J+gWbJGK+LBbGEcdg==",6,"Closed","Updated"
3184156,4188569,"vsMVeGgMcF6SwKqIgDhRJQ==",2,"Open","Updated"
3184156,4188573,"vsMVeGgMcF6SwKqIgDhRJQ==",2,"Open","Updated"
3196150,4187207,"vtAreRT4djmKE9vREXcUMg==",2,"Closed","Updated"
3196150,4187228,"vtAreRT4djmKE9vREXcUMg==",2,"Closed","Updated"
3189333,4186126,"wAIWgWpYnYPtbOy1oax8Gg==",3,"Closed","Updated"
3189333,4186137,"wAIWgWpYnYPtbOy1oax8Gg==",3,"Closed","Updated"
3189333,4186543,"wAIWgWpYnYPtbOy1oax8Gg==",3,"Closed","Updated"
3193252,4188637,"wIzaOnXPm8n0xVEK+i7mwg==",2,"Closed","Updated"
3193252,4188642,"wIzaOnXPm8n0xVEK+i7mwg==",2,"Closed","Updated"
3180328,4186404,"wK/E8n+6aoN7jD5JHhGu/Q==",2,"Closed","Updated"
3180328,4186728,"wK/E8n+6aoN7jD5JHhGu/Q==",2,"Closed","Updated"
3187367,4185515,"wLvL1hSA/9qNerZcUTf7ZA==",2,"Closed","Updated"
3187367,4185912,"wLvL1hSA/9qNerZcUTf7ZA==",2,"Closed","Updated"
3162444,4190608,"wQajqkIslcKAAoglDhnZdg==",4,"Open","Updated"
3162444,4190697,"wQajqkIslcKAAoglDhnZdg==",4,"Open","Updated"
3162444,4190771,"wQajqkIslcKAAoglDhnZdg==",4,"Open","Updated"
3162444,4190801,"wQajqkIslcKAAoglDhnZdg==",4,"Open","Updated"
3161817,4188772,"wx0Du98o/X8lQQTn33g1mQ==",3,"Open","Updated"
3161817,4188780,"wx0Du98o/X8lQQTn33g1mQ==",3,"Open","Updated"
3161817,4188788,"wx0Du98o/X8lQQTn33g1mQ==",3,"Open","Updated"
3191408,4189062,"x75llxmLKHAEX+GOD91Z4Q==",2,"Closed","Updated"
3191408,4189065,"x75llxmLKHAEX+GOD91Z4Q==",2,"Closed","Updated"
3203374,4191592,"xJM7Luy+Z8EyBT1Wa40T2A==",2,"Closed","Updated"
3203374,4191602,"xJM7Luy+Z8EyBT1Wa40T2A==",2,"Closed","Updated"
3196150,4187198,"xKeATpivf8vyobQ9/b1fog==",2,"Closed","Updated"
3196150,4187200,"xKeATpivf8vyobQ9/b1fog==",2,"Closed","Updated"
3175998,4184101,"xmmnD+0VF5Q8U/m+olHKFg==",2,"Open","Updated"
3175998,4184173,"xmmnD+0VF5Q8U/m+olHKFg==",2,"Open","Updated"
3152161,4189157,"xz7cX9Wu1anykyQdNTpiWA==",2,"Closed","Updated"
3152161,4189162,"xz7cX9Wu1anykyQdNTpiWA==",2,"Closed","Updated"
3202832,4190734,"yPUWhXQQYxxMaovtEm0w6g==",2,"Closed","Updated"
3202832,4190756,"yPUWhXQQYxxMaovtEm0w6g==",2,"Closed","Updated"
3071651,4184341,"yUKstuyehxbtva8AddVqbQ==",2,"Closed","Updated"
3071651,4184351,"yUKstuyehxbtva8AddVqbQ==",2,"Closed","Updated"
3153186,4184391,"zPAFz6g3+LwbobxbtotIFw==",2,"Open","Updated"
3153186,4184457,"zPAFz6g3+LwbobxbtotIFw==",2,"Open","Updated"
3197424,4189629,"zXF7Ro3cP9MaKcytPDsEYQ==",2,"Closed","Updated"
3197424,4189639,"zXF7Ro3cP9MaKcytPDsEYQ==",2,"Closed","Updated"
3191183,4185012,"zoLye8g9RAbDAxVJTPPBwQ==",3,"Closed","Updated"
3191183,4185027,"zoLye8g9RAbDAxVJTPPBwQ==",3,"Closed","Updated"
3191183,4185124,"zoLye8g9RAbDAxVJTPPBwQ==",3,"Closed","Updated"
3196219,4190713,"zuYRDTjOjr3yVHYbSO9D4w==",3,"Closed","Updated"
3196219,4190728,"zuYRDTjOjr3yVHYbSO9D4w==",3,"Closed","Updated"
3196219,4190795,"zuYRDTjOjr3yVHYbSO9D4w==",3,"Closed","Updated"
3195737,4190736,"zw9ZmXqNFYFbxWg2AvfVWA==",5,"Closed","Updated"
3195737,4190760,"zw9ZmXqNFYFbxWg2AvfVWA==",5,"Closed","Updated"
3195737,4190782,"zw9ZmXqNFYFbxWg2AvfVWA==",5,"Closed","Updated"
3195737,4190901,"zw9ZmXqNFYFbxWg2AvfVWA==",5,"Closed","Updated"
3195737,4190939,"zw9ZmXqNFYFbxWg2AvfVWA==",5,"Closed","Updated"
